nasa_event_id,gsi_sl_no,distance_km,nasa_year,gsi_history_year,match_type
35,,,2007,,additional_nasa_event
37,,,2007,,additional_nasa_event
43,,,2007,,additional_nasa_event
57,,,2007,,additional_nasa_event
73,,,2007,,additional_nasa_event
78,26743,0.4373,2007,,likely_duplicate
93,,,2007,,additional_nasa_event
94,,,2007,,additional_nasa_event
103,,,2007,,additional_nasa_event
102,,,2007,,additional_nasa_event
98,,,2007,,additional_nasa_event
99,,,2007,,additional_nasa_event
100,,,2007,,additional_nasa_event
97,,,2007,,additional_nasa_event
101,,,2007,,additional_nasa_event
104,,,2007,,additional_nasa_event
111,,,2007,,additional_nasa_event
126,26120,0.9829,2007,,likely_duplicate
130,,,2007,,additional_nasa_event
131,,,2007,,additional_nasa_event
133,,,2007,,additional_nasa_event
141,20005,0.3891,2007,,likely_duplicate
142,,,2007,,additional_nasa_event
143,,,2007,,additional_nasa_event
150,,,2007,,additional_nasa_event
147,20928,0.6354,2007,,likely_duplicate
146,,,2007,,additional_nasa_event
149,,,2007,,additional_nasa_event
148,20884,0.1511,2007,,likely_duplicate
151,28785,0.4876,2007,2006.0,likely_duplicate
157,,,2007,,additional_nasa_event
162,16238,0.2604,2007,,likely_duplicate
166,,,2007,,additional_nasa_event
173,,,2007,,additional_nasa_event
177,,,2007,,additional_nasa_event
178,7021,0.188,2007,,likely_duplicate
181,,,2007,,additional_nasa_event
183,,,2007,,additional_nasa_event
210,29706,0.1871,2007,,likely_duplicate
213,,,2007,,additional_nasa_event
212,,,2007,,additional_nasa_event
211,,,2007,,additional_nasa_event
215,,,2007,,additional_nasa_event
218,29207,0.4081,2007,2009.0,likely_duplicate
221,,,2007,,additional_nasa_event
220,,,2007,,additional_nasa_event
222,,,2007,,additional_nasa_event
234,11001,0.1691,2007,,likely_duplicate
231,29662,0.2804,2007,2007.0,likely_duplicate
237,,,2007,,additional_nasa_event
240,,,2007,,additional_nasa_event
241,26258,0.454,2007,,likely_duplicate
242,28785,0.5885,2007,2006.0,likely_duplicate
247,,,2007,,additional_nasa_event
252,,,2007,,additional_nasa_event
251,26202,0.1495,2007,,likely_duplicate
256,26529,0.2818,2007,,likely_duplicate
255,18210,0.1811,2007,,likely_duplicate
259,20118,0.358,2007,,likely_duplicate
260,,,2007,,additional_nasa_event
258,,,2007,,additional_nasa_event
264,508,0.662,2007,,likely_duplicate
269,,,2007,,additional_nasa_event
274,29878,0.3761,2007,2007.0,likely_duplicate
279,,,2007,,additional_nasa_event
285,,,2007,,additional_nasa_event
313,,,2007,,additional_nasa_event
319,,,2007,,additional_nasa_event
322,18588,0.5829,2007,,likely_duplicate
324,,,2007,,additional_nasa_event
326,,,2007,,additional_nasa_event
336,,,2007,,additional_nasa_event
395,,,2007,,additional_nasa_event
410,9885,0.0031,2008,,likely_duplicate
416,,,2008,,additional_nasa_event
419,,,2008,,additional_nasa_event
428,11044,0.7057,2008,,likely_duplicate
443,10394,0.3176,2008,,likely_duplicate
448,,,2008,,additional_nasa_event
451,27627,0.8167,2008,,likely_duplicate
452,,,2008,,additional_nasa_event
481,7396,0.2641,2008,,likely_duplicate
488,,,2008,,additional_nasa_event
492,,,2008,,additional_nasa_event
516,9861,0.3241,2008,,likely_duplicate
523,,,2008,,additional_nasa_event
540,,,2008,,additional_nasa_event
545,,,2008,,additional_nasa_event
554,,,2008,,additional_nasa_event
568,4522,0.4404,2008,,likely_duplicate
571,,,2008,,additional_nasa_event
580,,,2008,,additional_nasa_event
585,923,0.6425,2008,,likely_duplicate
588,,,2008,,additional_nasa_event
587,,,2008,,additional_nasa_event
592,7533,0.809,2008,,likely_duplicate
594,,,2008,,additional_nasa_event
595,28785,0.1369,2008,2006.0,likely_duplicate
609,,,2008,,additional_nasa_event
614,28785,0.4603,2008,2006.0,likely_duplicate
620,29764,0.2327,2008,,likely_duplicate
653,,,2008,,additional_nasa_event
692,24642,0.3336,2008,,likely_duplicate
697,4278,0.3255,2008,,likely_duplicate
703,,,2008,,additional_nasa_event
706,,,2008,,additional_nasa_event
705,,,2008,,additional_nasa_event
704,,,2008,,additional_nasa_event
709,11497,0.6672,2008,,likely_duplicate
711,12236,0.2725,2008,,likely_duplicate
710,,,2008,,additional_nasa_event
714,,,2008,,additional_nasa_event
715,,,2008,,additional_nasa_event
717,,,2008,,additional_nasa_event
725,8675,0.6822,2008,,likely_duplicate
731,25253,0.792,2008,,likely_duplicate
755,26743,0.6067,2008,,likely_duplicate
760,24516,0.1113,2008,2008.0,likely_duplicate
785,,,2008,,additional_nasa_event
798,,,2008,,additional_nasa_event
796,,,2008,,additional_nasa_event
797,4083,0.5748,2008,,likely_duplicate
804,,,2008,,additional_nasa_event
840,,,2008,,additional_nasa_event
858,10804,0.5956,2008,,likely_duplicate
870,,,2008,,additional_nasa_event
868,,,2008,,additional_nasa_event
869,,,2008,,additional_nasa_event
940,,,2008,,additional_nasa_event
942,3488,0.1763,2008,,likely_duplicate
1031,,,2009,,additional_nasa_event
1032,29207,0.2196,2009,2009.0,likely_duplicate
1030,29519,0.766,2009,2009.0,likely_duplicate
1037,28806,0.2782,2009,2010.0,likely_duplicate
1043,,,2009,,additional_nasa_event
1061,26637,0.2211,2009,,likely_duplicate
1050,28735,0.9819,2009,2008.0,likely_duplicate
1056,29356,0.8583,2009,2009.0,likely_duplicate
1055,28753,0.9479,2009,2007.0,likely_duplicate
1054,,,2009,,additional_nasa_event
1072,,,2009,,additional_nasa_event
1084,,,2009,,additional_nasa_event
1093,,,2009,,additional_nasa_event
1090,,,2009,,additional_nasa_event
1089,,,2009,,additional_nasa_event
1088,,,2009,,additional_nasa_event
1091,29292,0.1258,2009,2011.0,likely_duplicate
1092,,,2009,,additional_nasa_event
1094,30293,0.0038,2009,2010.0,likely_duplicate
1097,,,2009,,additional_nasa_event
1102,26436,0.5889,2009,,likely_duplicate
1108,19016,0.2595,2009,2007.0,likely_duplicate
1109,,,2009,,additional_nasa_event
1106,30425,0.157,2009,,likely_duplicate
1111,,,2009,,additional_nasa_event
1107,29771,0.4437,2009,2007.0,likely_duplicate
1112,26228,0.5342,2009,,likely_duplicate
1110,,,2009,,additional_nasa_event
1125,26573,0.2854,2009,,likely_duplicate
1127,,,2009,,additional_nasa_event
1129,,,2009,,additional_nasa_event
1130,,,2009,,additional_nasa_event
1134,7498,0.316,2009,,likely_duplicate
1133,,,2009,,additional_nasa_event
1149,,,2009,,additional_nasa_event
1154,,,2009,,additional_nasa_event
1153,,,2009,,additional_nasa_event
1156,,,2009,,additional_nasa_event
1157,4083,0.9608,2009,,likely_duplicate
1168,26250,0.8746,2009,,likely_duplicate
1170,,,2009,,additional_nasa_event
1172,,,2009,,additional_nasa_event
1204,,,2009,,additional_nasa_event
1209,12740,0.9161,2009,,likely_duplicate
1208,,,2009,,additional_nasa_event
1210,,,2009,,additional_nasa_event
1212,,,2009,,additional_nasa_event
1213,,,2009,,additional_nasa_event
1222,22149,0.8805,2009,,likely_duplicate
1289,,,2009,,additional_nasa_event
1291,,,2009,,additional_nasa_event
1315,,,2009,,additional_nasa_event
1384,,,2010,,additional_nasa_event
1475,9935,0.2483,2010,,likely_duplicate
1487,,,2010,,additional_nasa_event
1498,,,2010,,additional_nasa_event
1521,33973,0.7227,2010,,likely_duplicate
1526,,,2010,,additional_nasa_event
1596,,,2010,,additional_nasa_event
1611,613,0.4655,2010,,likely_duplicate
1613,,,2010,,additional_nasa_event
1756,,,2010,,additional_nasa_event
1755,26743,0.9094,2010,,likely_duplicate
1771,519,0.3592,2010,2011.0,likely_duplicate
1770,519,0.0475,2010,2011.0,likely_duplicate
1769,,,2010,,additional_nasa_event
1768,,,2010,,additional_nasa_event
1776,,,2010,,additional_nasa_event
1775,,,2010,,additional_nasa_event
1857,,,2010,,additional_nasa_event
1871,,,2010,,additional_nasa_event
1884,,,2010,,additional_nasa_event
1901,,,2010,,additional_nasa_event
1908,,,2010,,additional_nasa_event
1930,1781,0.5204,2010,,likely_duplicate
1929,,,2010,,additional_nasa_event
1935,26897,0.405,2010,2010.0,likely_duplicate
1934,,,2010,,additional_nasa_event
1946,,,2010,,additional_nasa_event
1954,,,2010,,additional_nasa_event
1959,,,2010,,additional_nasa_event
1958,,,2010,,additional_nasa_event
1962,4160,0.6723,2010,,likely_duplicate
1961,,,2010,,additional_nasa_event
1963,30450,0.7192,2010,,likely_duplicate
1987,,,2010,,additional_nasa_event
1986,,,2010,,additional_nasa_event
1988,,,2010,,additional_nasa_event
1995,29764,0.3217,2010,,likely_duplicate
1994,102,0.4841,2010,,likely_duplicate
1993,,,2010,,additional_nasa_event
1996,,,2010,,additional_nasa_event
2003,,,2010,,additional_nasa_event
2015,,,2010,,additional_nasa_event
2016,,,2010,,additional_nasa_event
2017,,,2010,,additional_nasa_event
2014,,,2010,,additional_nasa_event
2022,,,2010,,additional_nasa_event
2025,20511,0.5991,2010,2010.0,likely_duplicate
2026,,,2010,,additional_nasa_event
2034,28746,0.1873,2010,2012.0,likely_duplicate
2041,33502,0.75,2010,,likely_duplicate
2045,25397,0.3603,2010,,likely_duplicate
2043,25688,0.1172,2010,,likely_duplicate
2042,,,2010,,additional_nasa_event
2040,34944,0.3429,2010,2008.0,likely_duplicate
2044,24950,0.1181,2010,2009.0,likely_duplicate
2049,,,2010,,additional_nasa_event
2051,4160,0.6446,2010,,likely_duplicate
2046,,,2010,,additional_nasa_event
2048,,,2010,,additional_nasa_event
2050,,,2010,,additional_nasa_event
2047,,,2010,,additional_nasa_event
2056,,,2010,,additional_nasa_event
2091,,,2010,,additional_nasa_event
2098,25688,0.1864,2010,,likely_duplicate
2106,,,2010,,additional_nasa_event
2104,,,2010,,additional_nasa_event
2103,,,2010,,additional_nasa_event
2105,,,2010,,additional_nasa_event
2111,,,2010,,additional_nasa_event
2113,,,2010,,additional_nasa_event
2112,26669,0.1424,2010,,likely_duplicate
2119,,,2010,,additional_nasa_event
2120,,,2010,,additional_nasa_event
2018,,,2010,,additional_nasa_event
2118,11260,0.7899,2010,,likely_duplicate
2132,,,2010,,additional_nasa_event
2134,,,2010,,additional_nasa_event
2136,3556,0.5372,2010,,likely_duplicate
2140,96,0.2807,2010,,likely_duplicate
2139,4160,0.1528,2010,,likely_duplicate
2135,,,2010,,additional_nasa_event
2137,,,2010,,additional_nasa_event
2138,4081,0.2962,2010,,likely_duplicate
2145,,,2010,,additional_nasa_event
2162,,,2010,,additional_nasa_event
2161,35068,0.2458,2010,,likely_duplicate
2165,,,2010,,additional_nasa_event
2163,,,2010,,additional_nasa_event
2166,18977,0.0486,2010,,likely_duplicate
2164,,,2010,,additional_nasa_event
2177,,,2010,,additional_nasa_event
2176,16370,0.2681,2010,,likely_duplicate
2183,3946,0.3113,2010,,likely_duplicate
2180,,,2010,,additional_nasa_event
2182,,,2010,,additional_nasa_event
2181,,,2010,,additional_nasa_event
2198,,,2010,,additional_nasa_event
2201,29356,0.5042,2010,2009.0,likely_duplicate
2202,,,2010,,additional_nasa_event
2214,29356,0.6086,2010,2009.0,likely_duplicate
2205,23116,0.5118,2010,,likely_duplicate
2208,,,2010,,additional_nasa_event
2209,,,2010,,additional_nasa_event
2210,,,2010,,additional_nasa_event
2206,,,2010,,additional_nasa_event
2211,,,2010,,additional_nasa_event
2207,,,2010,,additional_nasa_event
2212,,,2010,,additional_nasa_event
2213,,,2010,,additional_nasa_event
2215,7533,0.8031,2010,,likely_duplicate
2228,,,2010,,additional_nasa_event
2229,,,2010,,additional_nasa_event
2227,34973,0.8713,2010,,likely_duplicate
2226,,,2010,,additional_nasa_event
2234,6763,0.5357,2010,,likely_duplicate
2243,24642,0.8922,2010,,likely_duplicate
2241,35245,0.2962,2010,2010.0,likely_duplicate
2242,3220,0.3403,2010,,likely_duplicate
2247,,,2010,,additional_nasa_event
2248,,,2010,,additional_nasa_event
2246,3491,0.6841,2010,,likely_duplicate
2249,,,2010,,additional_nasa_event
2253,,,2010,,additional_nasa_event
2257,,,2010,,additional_nasa_event
2262,,,2010,,additional_nasa_event
2263,,,2010,,additional_nasa_event
2261,30450,0.682,2010,,likely_duplicate
2260,,,2010,,additional_nasa_event
2267,,,2010,,additional_nasa_event
2268,,,2010,,additional_nasa_event
2279,29060,0.1592,2010,2011.0,likely_duplicate
2283,18872,0.8319,2010,,likely_duplicate
2282,25330,0.3729,2010,,likely_duplicate
2281,24346,0.3417,2010,,likely_duplicate
2280,,,2010,,additional_nasa_event
2291,35693,0.304,2010,,likely_duplicate
2293,,,2010,,additional_nasa_event
2290,,,2010,,additional_nasa_event
2294,33997,0.284,2010,,likely_duplicate
2292,35287,0.037,2010,2009.0,likely_duplicate
2296,26206,0.3088,2010,,likely_duplicate
2305,5650,0.5932,2010,,likely_duplicate
2304,,,2010,,additional_nasa_event
2310,,,2010,,additional_nasa_event
2309,,,2010,,additional_nasa_event
2340,,,2010,,additional_nasa_event
2339,,,2010,,additional_nasa_event
2338,,,2010,,additional_nasa_event
2341,26334,0.4747,2010,,likely_duplicate
2343,25910,0.9622,2010,,likely_duplicate
2344,18586,0.3895,2010,,likely_duplicate
2345,26526,0.3735,2010,,likely_duplicate
2364,,,2010,,additional_nasa_event
2369,,,2010,,additional_nasa_event
2368,,,2010,,additional_nasa_event
2379,33625,0.8423,2010,,likely_duplicate
2380,34085,0.5925,2010,,likely_duplicate
2378,,,2010,,additional_nasa_event
2390,35245,0.589,2010,2010.0,likely_duplicate
2389,,,2010,,additional_nasa_event
2392,26561,0.3998,2010,,likely_duplicate
2391,35548,0.5228,2010,,likely_duplicate
2397,,,2010,,additional_nasa_event
2405,,,2010,,additional_nasa_event
2411,,,2010,,additional_nasa_event
2414,,,2010,,additional_nasa_event
2416,,,2010,,additional_nasa_event
2415,,,2010,,additional_nasa_event
2424,,,2010,,additional_nasa_event
2423,22145,0.5593,2010,,likely_duplicate
2426,21032,0.7521,2010,,likely_duplicate
2420,,,2010,,additional_nasa_event
2425,21600,0.6078,2010,,likely_duplicate
2422,23116,0.2452,2010,,likely_duplicate
2421,23102,0.6305,2010,,likely_duplicate
2427,,,2010,,additional_nasa_event
2432,,,2010,,additional_nasa_event
2437,23113,0.2368,2010,,likely_duplicate
2436,18269,0.6128,2010,,likely_duplicate
2440,,,2010,,additional_nasa_event
2439,,,2010,,additional_nasa_event
2445,33289,0.5375,2010,,likely_duplicate
2444,,,2010,,additional_nasa_event
2443,,,2010,,additional_nasa_event
2457,5744,0.3405,2010,,likely_duplicate
2466,3369,0.404,2010,,likely_duplicate
2460,,,2010,,additional_nasa_event
2468,3556,0.5429,2010,,likely_duplicate
2471,,,2010,,additional_nasa_event
2462,3576,0.8053,2010,,likely_duplicate
2469,,,2010,,additional_nasa_event
2465,,,2010,,additional_nasa_event
2463,4235,0.2623,2010,,likely_duplicate
2461,,,2010,,additional_nasa_event
2458,,,2010,,additional_nasa_event
2467,,,2010,,additional_nasa_event
2464,,,2010,,additional_nasa_event
2456,,,2010,,additional_nasa_event
2470,34173,0.6571,2010,,likely_duplicate
2459,,,2010,,additional_nasa_event
2455,,,2010,,additional_nasa_event
2452,33378,0.2252,2010,,likely_duplicate
2453,,,2010,,additional_nasa_event
2454,,,2010,,additional_nasa_event
2476,30897,0.9736,2010,,likely_duplicate
2478,,,2010,,additional_nasa_event
2475,4371,0.8305,2010,2011.0,likely_duplicate
2480,,,2010,,additional_nasa_event
2479,,,2010,,additional_nasa_event
2488,,,2010,,additional_nasa_event
2492,10259,0.1393,2010,,likely_duplicate
2495,,,2010,,additional_nasa_event
2502,,,2010,,additional_nasa_event
2537,,,2010,,additional_nasa_event
2538,,,2010,,additional_nasa_event
2539,,,2010,,additional_nasa_event
2536,,,2010,,additional_nasa_event
2546,3676,0.1696,2010,,likely_duplicate
2566,25910,0.8429,2010,,likely_duplicate
2569,19345,0.6164,2010,,likely_duplicate
2567,,,2010,,additional_nasa_event
2568,,,2010,,additional_nasa_event
2570,,,2010,,additional_nasa_event
2575,,,2010,,additional_nasa_event
2577,19548,0.3882,2010,2010.0,likely_duplicate
2578,,,2010,,additional_nasa_event
2576,25910,0.3591,2010,,likely_duplicate
2579,24561,0.9679,2010,,likely_duplicate
2573,,,2010,,additional_nasa_event
2574,,,2010,,additional_nasa_event
2587,24472,0.0868,2010,2011.0,likely_duplicate
2590,,,2010,,additional_nasa_event
2594,10033,0.1927,2010,,likely_duplicate
2596,,,2010,,additional_nasa_event
2645,,,2010,,additional_nasa_event
2648,,,2010,,additional_nasa_event
2654,,,2010,,additional_nasa_event
2676,,,2010,,additional_nasa_event
2709,,,2010,,additional_nasa_event
2711,,,2010,,additional_nasa_event
2729,,,2010,,additional_nasa_event
2743,1237,0.6721,2010,,likely_duplicate
2745,,,2010,,additional_nasa_event
2798,,,2010,,additional_nasa_event
2963,,,2011,,additional_nasa_event
3097,10418,0.9885,2011,,likely_duplicate
3116,10403,0.587,2011,,likely_duplicate
3114,10033,0.4115,2011,,likely_duplicate
3115,11003,0.6404,2011,,likely_duplicate
3117,,,2011,,additional_nasa_event
3113,,,2011,,additional_nasa_event
3127,,,2011,,additional_nasa_event
3128,,,2011,,additional_nasa_event
3141,,,2011,,additional_nasa_event
3143,,,2011,,additional_nasa_event
3146,,,2011,,additional_nasa_event
3159,,,2011,,additional_nasa_event
3171,,,2011,,additional_nasa_event
3174,7039,0.7693,2011,,likely_duplicate
3250,,,2011,,additional_nasa_event
3252,,,2011,,additional_nasa_event
3251,10403,0.6361,2011,,likely_duplicate
3269,1454,0.1316,2011,2013.0,likely_duplicate
3342,,,2011,,additional_nasa_event
3374,10834,0.7546,2011,,likely_duplicate
3376,9875,0.102,2011,,likely_duplicate
3375,,,2011,,additional_nasa_event
3373,,,2011,,additional_nasa_event
3380,,,2011,,additional_nasa_event
3525,,,2011,,additional_nasa_event
3532,,,2011,,additional_nasa_event
3557,,,2011,,additional_nasa_event
3558,,,2011,,additional_nasa_event
3556,,,2011,,additional_nasa_event
3560,,,2011,,additional_nasa_event
3559,,,2011,,additional_nasa_event
3562,,,2011,,additional_nasa_event
3568,,,2011,,additional_nasa_event
3565,,,2011,,additional_nasa_event
3567,,,2011,,additional_nasa_event
3566,13173,0.6908,2011,,likely_duplicate
3577,,,2011,,additional_nasa_event
3578,33476,0.1531,2011,,likely_duplicate
3579,9672,0.656,2011,,likely_duplicate
3581,,,2011,,additional_nasa_event
3609,,,2011,,additional_nasa_event
3611,7533,0.7826,2011,,likely_duplicate
3610,,,2011,,additional_nasa_event
3614,,,2011,,additional_nasa_event
3618,5779,0.3627,2011,,likely_duplicate
3616,,,2011,,additional_nasa_event
3621,,,2011,,additional_nasa_event
3620,,,2011,,additional_nasa_event
3619,,,2011,,additional_nasa_event
3617,,,2011,,additional_nasa_event
3629,,,2011,,additional_nasa_event
3633,,,2011,,additional_nasa_event
3632,30444,0.7527,2011,,likely_duplicate
3637,,,2011,,additional_nasa_event
3643,26470,0.8074,2011,,likely_duplicate
3659,,,2011,,additional_nasa_event
3660,,,2011,,additional_nasa_event
3663,24519,0.3696,2011,2009.0,likely_duplicate
3662,,,2011,,additional_nasa_event
3669,,,2011,,additional_nasa_event
3667,7233,0.8162,2011,,likely_duplicate
3671,35277,0.2291,2011,2011.0,likely_duplicate
3672,,,2011,,additional_nasa_event
3668,,,2011,,additional_nasa_event
3674,,,2011,,additional_nasa_event
3666,7672,0.2794,2011,,likely_duplicate
3673,33474,0.0275,2011,,likely_duplicate
3670,35002,0.0452,2011,,likely_duplicate
3678,,,2011,,additional_nasa_event
3683,26043,0.6102,2011,,likely_duplicate
3696,,,2011,,additional_nasa_event
3708,,,2011,,additional_nasa_event
3707,,,2011,,additional_nasa_event
3738,,,2011,,additional_nasa_event
3737,,,2011,,additional_nasa_event
3741,,,2011,,additional_nasa_event
3747,7459,0.9173,2011,,likely_duplicate
3746,34975,0.178,2011,2013.0,likely_duplicate
3745,3625,0.8329,2011,,likely_duplicate
3751,35052,0.1968,2011,2013.0,likely_duplicate
3749,,,2011,,additional_nasa_event
3752,,,2011,,additional_nasa_event
3750,,,2011,,additional_nasa_event
3756,,,2011,,additional_nasa_event
3757,,,2011,,additional_nasa_event
3759,34341,0.9391,2011,2013.0,likely_duplicate
3760,24532,0.2415,2011,,likely_duplicate
3763,4160,0.376,2011,,likely_duplicate
3764,,,2011,,additional_nasa_event
3776,,,2011,,additional_nasa_event
3777,7498,0.3539,2011,,likely_duplicate
3789,,,2011,,additional_nasa_event
3794,30451,0.3642,2011,,likely_duplicate
3793,,,2011,,additional_nasa_event
3805,29548,0.529,2011,,likely_duplicate
3807,,,2011,,additional_nasa_event
3806,,,2011,,additional_nasa_event
3813,30132,0.617,2011,,likely_duplicate
3819,,,2011,,additional_nasa_event
3821,,,2011,,additional_nasa_event
3820,,,2011,,additional_nasa_event
3829,,,2011,,additional_nasa_event
3831,,,2011,,additional_nasa_event
3830,,,2011,,additional_nasa_event
3837,,,2011,,additional_nasa_event
3840,,,2011,,additional_nasa_event
3839,7153,0.6872,2011,,likely_duplicate
3861,,,2011,,additional_nasa_event
3860,,,2011,,additional_nasa_event
3859,,,2011,,additional_nasa_event
3881,,,2011,,additional_nasa_event
3886,,,2011,,additional_nasa_event
3885,,,2011,,additional_nasa_event
3884,6089,0.1036,2011,,likely_duplicate
3892,,,2011,,additional_nasa_event
3895,3947,0.9133,2011,,likely_duplicate
3891,10644,0.4979,2011,,likely_duplicate
3896,,,2011,,additional_nasa_event
3890,,,2011,,additional_nasa_event
3894,3947,0.9127,2011,,likely_duplicate
3893,,,2011,,additional_nasa_event
3888,4777,0.6384,2011,,likely_duplicate
3889,,,2011,,additional_nasa_event
3900,,,2011,,additional_nasa_event
3899,,,2011,,additional_nasa_event
3902,,,2011,,additional_nasa_event
3905,,,2011,,additional_nasa_event
3907,,,2011,,additional_nasa_event
3908,,,2011,,additional_nasa_event
3912,,,2011,,additional_nasa_event
3913,,,2011,,additional_nasa_event
3914,,,2011,,additional_nasa_event
3916,24751,0.4463,2011,2013.0,likely_duplicate
3917,,,2011,,additional_nasa_event
3925,,,2011,,additional_nasa_event
3927,,,2011,,additional_nasa_event
3932,,,2011,,additional_nasa_event
3943,,,2011,,additional_nasa_event
3944,,,2011,,additional_nasa_event
6567,8803,0.9727,2011,,likely_duplicate
6566,8868,0.0171,2011,,likely_duplicate
3947,,,2011,,additional_nasa_event
6569,,,2011,,additional_nasa_event
3951,,,2011,,additional_nasa_event
6570,,,2011,,additional_nasa_event
3963,16974,0.2866,2011,,likely_duplicate
3965,,,2011,,additional_nasa_event
3983,797,0.881,2011,2012.0,likely_duplicate
3986,29630,0.2646,2011,2009.0,likely_duplicate
6782,,,2011,,additional_nasa_event
3997,26826,0.5714,2011,2012.0,likely_duplicate
4015,,,2011,,additional_nasa_event
4019,,,2011,,additional_nasa_event
4033,27041,0.7875,2011,,likely_duplicate
4090,,,2011,,additional_nasa_event
4139,,,2012,,additional_nasa_event
4140,10998,0.46,2012,,likely_duplicate
4183,,,2012,,additional_nasa_event
4198,,,2012,,additional_nasa_event
4202,8036,0.5005,2012,2013.0,likely_duplicate
4210,,,2012,,additional_nasa_event
4218,,,2012,,additional_nasa_event
4241,19231,0.459,2012,,likely_duplicate
4240,,,2012,,additional_nasa_event
4277,,,2012,,additional_nasa_event
4313,1798,0.7591,2012,,likely_duplicate
4325,9870,0.2846,2012,,likely_duplicate
4335,,,2012,,additional_nasa_event
4373,,,2012,,additional_nasa_event
4377,797,0.8605,2012,2012.0,likely_duplicate
4378,,,2012,,additional_nasa_event
4383,,,2012,,additional_nasa_event
4384,,,2012,,additional_nasa_event
4385,26701,0.3083,2012,,likely_duplicate
4382,,,2012,,additional_nasa_event
4393,,,2012,,additional_nasa_event
4394,,,2012,,additional_nasa_event
4396,,,2012,,additional_nasa_event
4403,18700,0.2998,2012,2010.0,likely_duplicate
4408,,,2012,,additional_nasa_event
4407,19660,0.4531,2012,2014.0,likely_duplicate
4411,26743,0.3653,2012,,likely_duplicate
4424,797,0.7611,2012,2012.0,likely_duplicate
4423,,,2012,,additional_nasa_event
4426,482,0.1727,2012,,likely_duplicate
4436,,,2012,,additional_nasa_event
4435,,,2012,,additional_nasa_event
4434,794,0.6588,2012,2012.0,likely_duplicate
4446,,,2012,,additional_nasa_event
4445,,,2012,,additional_nasa_event
4447,4190,0.2702,2012,,likely_duplicate
4452,,,2012,,additional_nasa_event
6783,28679,0.056,2012,2014.0,likely_duplicate
4468,,,2012,,additional_nasa_event
6310,34314,0.0818,2012,,likely_duplicate
4472,,,2012,,additional_nasa_event
4489,,,2012,,additional_nasa_event
4485,,,2012,,additional_nasa_event
4487,34866,0.7256,2012,2013.0,likely_duplicate
4486,,,2012,,additional_nasa_event
4488,,,2012,,additional_nasa_event
4481,,,2012,,additional_nasa_event
4480,,,2012,,additional_nasa_event
4484,,,2012,,additional_nasa_event
4482,,,2012,,additional_nasa_event
4483,,,2012,,additional_nasa_event
4498,,,2012,,additional_nasa_event
4497,,,2012,,additional_nasa_event
4501,9549,0.8186,2012,,likely_duplicate
4504,,,2012,,additional_nasa_event
4507,,,2012,,additional_nasa_event
4514,,,2012,,additional_nasa_event
4515,,,2012,,additional_nasa_event
4516,3556,0.5125,2012,,likely_duplicate
4513,7025,0.2491,2012,,likely_duplicate
4523,,,2012,,additional_nasa_event
4528,,,2012,,additional_nasa_event
4535,,,2012,,additional_nasa_event
4536,,,2012,,additional_nasa_event
4551,31925,0.6944,2012,,likely_duplicate
4552,,,2012,,additional_nasa_event
4550,33655,0.8237,2012,2013.0,likely_duplicate
4555,,,2012,,additional_nasa_event
4556,26206,0.2553,2012,,likely_duplicate
4557,,,2012,,additional_nasa_event
4559,,,2012,,additional_nasa_event
4565,,,2012,,additional_nasa_event
4571,26690,0.3816,2012,,likely_duplicate
4570,,,2012,,additional_nasa_event
4569,,,2012,,additional_nasa_event
4590,27617,0.9836,2012,,likely_duplicate
4592,,,2012,,additional_nasa_event
4610,,,2012,,additional_nasa_event
4658,9349,0.229,2012,,likely_duplicate
4757,,,2013,,additional_nasa_event
4764,10644,0.9181,2013,,likely_duplicate
4798,,,2013,,additional_nasa_event
4823,,,2013,,additional_nasa_event
4845,,,2013,,additional_nasa_event
4848,,,2013,,additional_nasa_event
4860,,,2013,,additional_nasa_event
4859,505,0.1414,2013,,likely_duplicate
4858,639,0.109,2013,,likely_duplicate
4857,,,2013,,additional_nasa_event
4861,19007,0.5491,2013,,likely_duplicate
4875,,,2013,,additional_nasa_event
4892,,,2013,,additional_nasa_event
4906,,,2013,,additional_nasa_event
4905,,,2013,,additional_nasa_event
4908,26554,0.1838,2013,,likely_duplicate
4913,,,2013,,additional_nasa_event
4912,,,2013,,additional_nasa_event
4916,7188,0.2793,2013,,likely_duplicate
4917,,,2013,,additional_nasa_event
4914,35059,0.3604,2013,,likely_duplicate
4920,,,2013,,additional_nasa_event
4932,5054,0.5593,2013,,likely_duplicate
4927,2386,0.038,2013,,likely_duplicate
4928,34261,0.2735,2013,2013.0,likely_duplicate
4929,,,2013,,additional_nasa_event
4925,,,2013,,additional_nasa_event
4930,35490,0.0095,2013,2013.0,likely_duplicate
4931,,,2013,,additional_nasa_event
4926,,,2013,,additional_nasa_event
4933,,,2013,,additional_nasa_event
4924,35052,0.4776,2013,2013.0,likely_duplicate
4946,,,2013,,additional_nasa_event
4943,31435,0.6047,2013,,likely_duplicate
4940,,,2013,,additional_nasa_event
4936,35016,0.12,2013,2013.0,likely_duplicate
4950,,,2013,,additional_nasa_event
4947,,,2013,,additional_nasa_event
4949,33973,0.2723,2013,,likely_duplicate
4966,,,2013,,additional_nasa_event
4978,,,2013,,additional_nasa_event
4974,34137,0.353,2013,2013.0,likely_duplicate
4975,33501,0.2784,2013,,likely_duplicate
4984,,,2013,,additional_nasa_event
4981,,,2013,,additional_nasa_event
4982,,,2013,,additional_nasa_event
4983,,,2013,,additional_nasa_event
4979,,,2013,,additional_nasa_event
4990,26573,0.3349,2013,,likely_duplicate
5005,25688,0.3339,2013,,likely_duplicate
5006,25986,0.6015,2013,,likely_duplicate
5013,3946,0.8291,2013,,likely_duplicate
5017,16269,0.0747,2013,,likely_duplicate
5024,,,2013,,additional_nasa_event
5023,,,2013,,additional_nasa_event
5022,,,2013,,additional_nasa_event
5036,,,2013,,additional_nasa_event
5044,4371,0.2462,2013,2011.0,likely_duplicate
5043,,,2013,,additional_nasa_event
5054,6098,0.953,2013,,likely_duplicate
5053,6808,0.2841,2013,,likely_duplicate
5051,,,2013,,additional_nasa_event
5049,5769,0.5777,2013,,likely_duplicate
5050,6098,0.5939,2013,,likely_duplicate
5052,6137,0.5736,2013,2015.0,likely_duplicate
5047,6637,0.2744,2013,,likely_duplicate
5062,,,2013,,additional_nasa_event
5073,,,2013,,additional_nasa_event
5074,,,2013,,additional_nasa_event
5068,33899,0.8326,2013,,likely_duplicate
5079,,,2013,,additional_nasa_event
5088,30866,0.7682,2013,,likely_duplicate
5086,30866,0.7682,2013,,likely_duplicate
5087,25940,0.2017,2013,2013.0,likely_duplicate
5084,24346,0.3873,2013,,likely_duplicate
5098,7122,0.0785,2013,,likely_duplicate
5097,5482,0.6275,2013,,likely_duplicate
5099,,,2013,,additional_nasa_event
5100,,,2013,,additional_nasa_event
5107,25940,0.2017,2013,2013.0,likely_duplicate
5123,24652,0.0513,2013,2011.0,likely_duplicate
5122,,,2013,,additional_nasa_event
5130,,,2013,,additional_nasa_event
5129,,,2013,,additional_nasa_event
5139,,,2013,,additional_nasa_event
5177,33678,0.0814,2013,,likely_duplicate
5176,,,2013,,additional_nasa_event
5171,,,2013,,additional_nasa_event
5183,33780,0.5776,2013,,likely_duplicate
5180,,,2013,,additional_nasa_event
5184,,,2013,,additional_nasa_event
5179,33526,0.4123,2013,,likely_duplicate
5178,,,2013,,additional_nasa_event
5182,,,2013,,additional_nasa_event
5181,33597,0.5776,2013,,likely_duplicate
5200,,,2013,,additional_nasa_event
5199,,,2013,,additional_nasa_event
5198,,,2013,,additional_nasa_event
5195,35901,0.916,2013,2013.0,likely_duplicate
5196,,,2013,,additional_nasa_event
5197,35888,0.5225,2013,,likely_duplicate
5187,17525,0.842,2013,,likely_duplicate
5189,17525,0.842,2013,,likely_duplicate
5208,33635,0.1017,2013,,likely_duplicate
5209,35827,0.5191,2013,,likely_duplicate
5214,,,2013,,additional_nasa_event
5215,,,2013,,additional_nasa_event
5213,,,2013,,additional_nasa_event
5224,,,2013,,additional_nasa_event
5225,35888,0.5789,2013,,likely_duplicate
5233,9408,0.093,2013,,likely_duplicate
5234,9408,0.093,2013,,likely_duplicate
5240,,,2013,,additional_nasa_event
5241,,,2013,,additional_nasa_event
5250,,,2013,,additional_nasa_event
5244,,,2013,,additional_nasa_event
5252,,,2013,,additional_nasa_event
5264,,,2013,,additional_nasa_event
5272,,,2013,,additional_nasa_event
5265,,,2013,,additional_nasa_event
5271,25441,0.9047,2013,,likely_duplicate
5269,,,2013,,additional_nasa_event
5270,,,2013,,additional_nasa_event
5273,25292,0.7628,2013,,likely_duplicate
5274,25184,0.3015,2013,,likely_duplicate
5268,25105,0.7521,2013,2014.0,likely_duplicate
5275,25255,0.2217,2013,,likely_duplicate
5263,,,2013,,additional_nasa_event
5285,,,2013,,additional_nasa_event
5284,,,2013,,additional_nasa_event
5282,,,2013,,additional_nasa_event
5283,,,2013,,additional_nasa_event
5281,13058,0.169,2013,,likely_duplicate
5277,,,2013,,additional_nasa_event
5280,,,2013,,additional_nasa_event
5278,,,2013,,additional_nasa_event
5287,,,2013,,additional_nasa_event
5294,,,2013,,additional_nasa_event
5293,10997,0.1159,2013,,likely_duplicate
5290,7255,0.3387,2013,,likely_duplicate
5291,,,2013,,additional_nasa_event
5292,,,2013,,additional_nasa_event
5300,,,2013,,additional_nasa_event
5309,,,2013,,additional_nasa_event
5312,,,2013,,additional_nasa_event
5323,10845,0.6067,2013,,likely_duplicate
5320,,,2013,,additional_nasa_event
5332,,,2013,,additional_nasa_event
5327,10644,0.7946,2013,,likely_duplicate
5329,10997,0.1159,2013,,likely_duplicate
5333,,,2013,,additional_nasa_event
5330,10377,0.1603,2013,,likely_duplicate
5331,,,2013,,additional_nasa_event
5328,11003,0.4423,2013,,likely_duplicate
5427,,,2013,,additional_nasa_event
5334,,,2013,,additional_nasa_event
5336,25513,0.1388,2013,2013.0,likely_duplicate
5337,25541,0.0076,2013,,likely_duplicate
5338,,,2013,,additional_nasa_event
5346,,,2013,,additional_nasa_event
5347,,,2013,,additional_nasa_event
5341,,,2013,,additional_nasa_event
5343,18604,0.4417,2013,,likely_duplicate
5361,,,2013,,additional_nasa_event
5359,35068,0.7955,2013,,likely_duplicate
5358,,,2013,,additional_nasa_event
5360,33895,0.9257,2013,2013.0,likely_duplicate
5377,,,2013,,additional_nasa_event
5365,34930,0.2755,2013,2013.0,likely_duplicate
5382,5653,0.1807,2013,,likely_duplicate
5384,,,2013,,additional_nasa_event
5399,,,2013,,additional_nasa_event
5410,32368,0.9034,2013,,likely_duplicate
5421,25541,0.0076,2013,,likely_duplicate
5431,18983,0.0742,2013,,likely_duplicate
5430,18872,0.638,2013,,likely_duplicate
5429,26531,0.488,2013,,likely_duplicate
5442,976,0.2405,2013,,likely_duplicate
5441,,,2013,,additional_nasa_event
5476,26561,0.0588,2013,,likely_duplicate
5485,26677,0.7438,2013,,likely_duplicate
5533,29588,0.7111,2013,,likely_duplicate
5552,,,2013,,additional_nasa_event
5554,,,2013,,additional_nasa_event
5567,34844,0.641,2013,2013.0,likely_duplicate
5565,,,2013,,additional_nasa_event
5575,24849,0.3412,2013,,likely_duplicate
5584,639,0.9886,2013,,likely_duplicate
5582,484,0.2041,2013,,likely_duplicate
5583,16293,0.8513,2013,,likely_duplicate
5598,,,2013,,additional_nasa_event
5603,,,2013,,additional_nasa_event
5608,34496,0.3561,2013,,likely_duplicate
5611,34496,0.3561,2013,,likely_duplicate
5617,,,2013,,additional_nasa_event
5638,,,2013,,additional_nasa_event
5637,,,2013,,additional_nasa_event
5633,,,2013,,additional_nasa_event
5636,17310,0.6626,2013,,likely_duplicate
5635,,,2013,,additional_nasa_event
5650,,,2013,,additional_nasa_event
5652,,,2013,,additional_nasa_event
5660,27593,0.463,2013,,likely_duplicate
5683,,,2013,,additional_nasa_event
5864,,,2014,,additional_nasa_event
5897,,,2014,,additional_nasa_event
5940,,,2014,,additional_nasa_event
5943,,,2014,,additional_nasa_event
5970,,,2014,,additional_nasa_event
5994,,,2014,,additional_nasa_event
6011,27584,0.2321,2014,,likely_duplicate
6014,,,2014,,additional_nasa_event
6015,,,2014,,additional_nasa_event
6016,,,2014,,additional_nasa_event
6022,,,2014,,additional_nasa_event
6024,,,2014,,additional_nasa_event
6036,,,2014,,additional_nasa_event
6084,,,2014,,additional_nasa_event
6107,509,0.57,2014,,likely_duplicate
6106,,,2014,,additional_nasa_event
6105,,,2014,,additional_nasa_event
6110,492,0.9058,2014,,likely_duplicate
6112,736,0.1845,2014,2014.0,likely_duplicate
6143,22133,0.603,2014,2012.0,likely_duplicate
6146,29569,0.6303,2014,2015.0,likely_duplicate
6162,34190,0.5229,2014,,likely_duplicate
6167,34934,0.1322,2014,2013.0,likely_duplicate
6174,,,2014,,additional_nasa_event
6177,,,2014,,additional_nasa_event
6184,,,2014,,additional_nasa_event
6462,,,2014,,additional_nasa_event
6186,17386,0.5363,2014,,likely_duplicate
6188,,,2014,,additional_nasa_event
6189,,,2014,,additional_nasa_event
6432,,,2014,,additional_nasa_event
7367,7214,0.0812,2014,,likely_duplicate
6460,,,2014,,additional_nasa_event
6513,,,2014,,additional_nasa_event
6510,,,2014,,additional_nasa_event
6197,,,2014,,additional_nasa_event
6200,903,0.7993,2014,,likely_duplicate
6530,,,2014,,additional_nasa_event
6525,,,2014,,additional_nasa_event
6539,,,2014,,additional_nasa_event
6538,5621,0.1064,2014,,likely_duplicate
6544,,,2014,,additional_nasa_event
6552,5724,0.4113,2014,,likely_duplicate
6414,,,2014,,additional_nasa_event
6371,,,2014,,additional_nasa_event
6370,,,2014,,additional_nasa_event
6369,,,2014,,additional_nasa_event
6358,,,2014,,additional_nasa_event
6359,,,2014,,additional_nasa_event
6339,,,2014,,additional_nasa_event
6294,,,2014,,additional_nasa_event
6225,,,2014,,additional_nasa_event
6331,,,2014,,additional_nasa_event
6337,6268,0.1283,2014,,likely_duplicate
6340,,,2014,,additional_nasa_event
6341,35010,0.2226,2014,,likely_duplicate
6338,,,2014,,additional_nasa_event
6291,,,2014,,additional_nasa_event
6282,,,2014,,additional_nasa_event
6283,485,0.577,2014,,likely_duplicate
6288,514,0.8496,2014,,likely_duplicate
6287,,,2014,,additional_nasa_event
6289,,,2014,,additional_nasa_event
6284,484,0.5514,2014,,likely_duplicate
6286,,,2014,,additional_nasa_event
6285,,,2014,,additional_nasa_event
6292,,,2014,,additional_nasa_event
6290,20231,0.1618,2014,2014.0,likely_duplicate
6213,,,2014,,additional_nasa_event
6263,,,2014,,additional_nasa_event
6222,,,2014,,additional_nasa_event
6214,20461,0.3095,2014,2016.0,likely_duplicate
6237,,,2014,,additional_nasa_event
6307,,,2014,,additional_nasa_event
6264,,,2014,,additional_nasa_event
6250,,,2014,,additional_nasa_event
6247,,,2014,,additional_nasa_event
6293,,,2014,,additional_nasa_event
6299,,,2014,,additional_nasa_event
6322,27037,0.2918,2014,,likely_duplicate
6374,,,2014,,additional_nasa_event
6356,,,2014,,additional_nasa_event
6730,,,2014,,additional_nasa_event
6631,,,2015,,additional_nasa_event
6734,,,2015,,additional_nasa_event
6840,,,2015,,additional_nasa_event
6775,,,2015,,additional_nasa_event
6786,,,2015,,additional_nasa_event
6804,10403,0.4997,2015,,likely_duplicate
6842,11000,0.3634,2015,,likely_duplicate
6841,,,2015,,additional_nasa_event
6827,10838,0.1279,2015,,likely_duplicate
6851,,,2015,,additional_nasa_event
6889,,,2015,,additional_nasa_event
6908,9592,0.267,2015,,likely_duplicate
6872,,,2015,,additional_nasa_event
6890,,,2015,,additional_nasa_event
6891,,,2015,,additional_nasa_event
6867,,,2015,,additional_nasa_event
6871,,,2015,,additional_nasa_event
6873,,,2015,,additional_nasa_event
7591,84,0.4064,2015,2015.0,likely_duplicate
6907,10012,0.1158,2015,,likely_duplicate
6874,10402,0.0451,2015,,likely_duplicate
6932,,,2015,,additional_nasa_event
6931,,,2015,,additional_nasa_event
6925,,,2015,,additional_nasa_event
6924,,,2015,,additional_nasa_event
6934,,,2015,,additional_nasa_event
7171,,,2015,,additional_nasa_event
6933,,,2015,,additional_nasa_event
6928,,,2015,,additional_nasa_event
7176,,,2015,,additional_nasa_event
7174,,,2015,,additional_nasa_event
7178,,,2015,,additional_nasa_event
7172,9870,0.5441,2015,,likely_duplicate
7185,7413,0.0864,2015,,likely_duplicate
7177,,,2015,,additional_nasa_event
7175,,,2015,,additional_nasa_event
7168,10838,0.7386,2015,,likely_duplicate
7167,,,2015,,additional_nasa_event
7127,,,2015,,additional_nasa_event
7123,,,2015,,additional_nasa_event
7111,34616,0.5585,2015,,likely_duplicate
7110,,,2015,,additional_nasa_event
7062,,,2015,,additional_nasa_event
7031,26679,0.3775,2015,,likely_duplicate
7026,10845,0.4299,2015,,likely_duplicate
6971,,,2015,,additional_nasa_event
6972,,,2015,,additional_nasa_event
6968,,,2015,,additional_nasa_event
6967,,,2015,,additional_nasa_event
6970,20094,0.9384,2015,,likely_duplicate
6969,,,2015,,additional_nasa_event
6965,29304,0.2251,2015,2015.0,likely_duplicate
6966,30453,0.1573,2015,,likely_duplicate
6964,29203,0.3442,2015,2015.0,likely_duplicate
6962,,,2015,,additional_nasa_event
6945,19240,0.1676,2015,,likely_duplicate
6963,22084,0.6001,2015,,likely_duplicate
6947,32823,0.783,2015,,likely_duplicate
6973,,,2015,,additional_nasa_event
6948,17310,0.8358,2015,,likely_duplicate
6949,16848,0.2277,2015,2014.0,likely_duplicate
6950,,,2015,,additional_nasa_event
6990,25124,0.0774,2015,2015.0,likely_duplicate
7012,35009,0.2968,2015,2013.0,likely_duplicate
7027,,,2015,,additional_nasa_event
7011,,,2015,,additional_nasa_event
7021,29184,0.404,2015,2015.0,likely_duplicate
7033,,,2015,,additional_nasa_event
7034,30361,0.0969,2015,,likely_duplicate
7035,,,2015,,additional_nasa_event
7363,30423,0.0837,2015,,likely_duplicate
7038,28755,0.4769,2015,2014.0,likely_duplicate
7037,28755,0.7201,2015,2014.0,likely_duplicate
7040,30328,0.4581,2015,,likely_duplicate
7036,,,2015,,additional_nasa_event
7039,29731,0.467,2015,,likely_duplicate
7076,28915,0.4641,2015,2015.0,likely_duplicate
7084,,,2015,,additional_nasa_event
7138,29806,0.289,2015,,likely_duplicate
7139,28755,0.9269,2015,2014.0,likely_duplicate
7141,11509,0.5528,2015,,likely_duplicate
7156,27242,0.8015,2015,,likely_duplicate
7159,,,2015,,additional_nasa_event
7157,,,2015,,additional_nasa_event
7161,33474,0.1026,2015,,likely_duplicate
7160,,,2015,,additional_nasa_event
7158,,,2015,,additional_nasa_event
7196,10088,0.2282,2015,,likely_duplicate
7195,,,2015,,additional_nasa_event
7249,,,2015,,additional_nasa_event
7215,,,2015,,additional_nasa_event
7198,,,2015,,additional_nasa_event
7214,1132,0.3012,2015,,likely_duplicate
7226,7220,0.114,2015,,likely_duplicate
7248,,,2015,,additional_nasa_event
7224,,,2015,,additional_nasa_event
7238,,,2015,,additional_nasa_event
7227,32969,0.9397,2015,2016.0,likely_duplicate
7221,,,2015,,additional_nasa_event
7261,,,2015,,additional_nasa_event
7262,,,2015,,additional_nasa_event
7251,,,2015,,additional_nasa_event
7266,,,2015,,additional_nasa_event
7253,,,2015,,additional_nasa_event
7265,,,2015,,additional_nasa_event
7264,,,2015,,additional_nasa_event
7263,19492,0.0653,2015,2015.0,likely_duplicate
7267,,,2015,,additional_nasa_event
7294,34237,0.9128,2015,,likely_duplicate
7279,18989,0.5322,2015,,likely_duplicate
7296,,,2015,,additional_nasa_event
7295,34238,0.2681,2015,,likely_duplicate
7270,,,2015,,additional_nasa_event
7275,10844,0.2443,2015,,likely_duplicate
7274,,,2015,,additional_nasa_event
7276,454,0.8491,2015,,likely_duplicate
7289,6137,0.6541,2015,2015.0,likely_duplicate
7285,4263,0.7013,2015,,likely_duplicate
7273,33474,0.2081,2015,,likely_duplicate
7287,,,2015,,additional_nasa_event
7286,4160,0.5199,2015,,likely_duplicate
7288,6763,0.2364,2015,,likely_duplicate
7284,10253,0.0693,2015,,likely_duplicate
7292,,,2015,,additional_nasa_event
7297,35024,0.9452,2015,2013.0,likely_duplicate
7302,,,2015,,additional_nasa_event
7364,18723,0.033,2015,,likely_duplicate
7366,7214,0.1418,2015,,likely_duplicate
7372,19085,0.5576,2015,,likely_duplicate
7383,,,2015,,additional_nasa_event
7375,,,2015,,additional_nasa_event
7384,,,2015,,additional_nasa_event
7910,,,2015,,additional_nasa_event
7389,,,2015,,additional_nasa_event
7371,,,2015,,additional_nasa_event
7388,,,2015,,additional_nasa_event
7373,18878,0.8842,2015,,likely_duplicate
7370,,,2015,,additional_nasa_event
7374,19164,0.509,2015,,likely_duplicate
7390,,,2015,,additional_nasa_event
7387,,,2015,,additional_nasa_event
7385,18003,0.4702,2015,,likely_duplicate
7391,,,2015,,additional_nasa_event
7369,18172,0.2101,2015,2015.0,likely_duplicate
7305,17310,0.8442,2015,,likely_duplicate
7409,,,2015,,additional_nasa_event
7594,,,2015,,additional_nasa_event
7598,,,2015,,additional_nasa_event
7616,,,2015,,additional_nasa_event
7596,,,2015,,additional_nasa_event
7613,9408,0.7052,2015,,likely_duplicate
7614,6320,0.5449,2015,,likely_duplicate
7628,,,2015,,additional_nasa_event
7636,,,2015,,additional_nasa_event
7665,,,2015,,additional_nasa_event
7666,,,2015,,additional_nasa_event
7649,,,2015,,additional_nasa_event
7664,18586,0.2167,2015,,likely_duplicate
7678,7165,0.1649,2015,,likely_duplicate
7660,25940,0.1613,2015,2013.0,likely_duplicate
7676,7133,0.1515,2015,,likely_duplicate
7685,6268,0.522,2015,,likely_duplicate
7308,35565,0.6737,2015,2013.0,likely_duplicate
7309,,,2015,,additional_nasa_event
7310,35553,0.5284,2015,,likely_duplicate
7311,34969,0.2946,2015,2013.0,likely_duplicate
7312,,,2015,,additional_nasa_event
7887,,,2015,,additional_nasa_event
7334,,,2015,,additional_nasa_event
7335,,,2015,,additional_nasa_event
7329,,,2015,,additional_nasa_event
7589,19858,0.3664,2015,2016.0,likely_duplicate
7706,19647,0.309,2015,2014.0,likely_duplicate
7699,,,2015,,additional_nasa_event
7590,19683,0.7382,2015,2014.0,likely_duplicate
7336,,,2015,,additional_nasa_event
7701,24382,0.3228,2015,2014.0,likely_duplicate
7704,,,2015,,additional_nasa_event
7727,24382,0.4925,2015,2014.0,likely_duplicate
7746,,,2015,,additional_nasa_event
7726,3846,0.1304,2015,,likely_duplicate
7728,637,0.433,2015,2014.0,likely_duplicate
7778,22282,0.0287,2015,,likely_duplicate
7780,21606,0.7641,2015,2016.0,likely_duplicate
7836,22493,0.9571,2015,,likely_duplicate
7837,22119,0.7652,2015,2016.0,likely_duplicate
7972,,,2015,,additional_nasa_event
7923,,,2015,,additional_nasa_event
7933,,,2015,,additional_nasa_event
7940,,,2015,,additional_nasa_event
7961,,,2015,,additional_nasa_event
7956,,,2015,,additional_nasa_event
7950,,,2015,,additional_nasa_event
8012,20461,0.2963,2015,2016.0,likely_duplicate
7994,,,2015,,additional_nasa_event
8224,,,2015,,additional_nasa_event
8223,23116,0.9189,2015,,likely_duplicate
8227,,,2015,,additional_nasa_event
8233,,,2015,,additional_nasa_event
8221,,,2015,,additional_nasa_event
8287,,,2015,,additional_nasa_event
8339,,,2015,,additional_nasa_event
8366,20566,0.981,2015,,likely_duplicate
8571,,,2015,,additional_nasa_event
8866,10342,0.8095,2015,,likely_duplicate
8892,,,2015,,additional_nasa_event
8893,,,2015,,additional_nasa_event
8921,27584,0.5212,2015,,likely_duplicate
8922,,,2015,,additional_nasa_event
8944,,,2015,,additional_nasa_event
8988,,,2015,,additional_nasa_event
9037,,,2015,,additional_nasa_event
9096,,,2015,,additional_nasa_event
9092,,,2015,,additional_nasa_event
9120,,,2015,,additional_nasa_event
9144,5498,0.4245,2015,,likely_duplicate
9215,26228,0.5017,2016,,likely_duplicate
9351,,,2016,,additional_nasa_event
9426,,,2016,,additional_nasa_event
9380,,,2016,,additional_nasa_event
9409,,,2016,,additional_nasa_event
9405,25693,0.3125,2016,,likely_duplicate
7655,1237,0.6591,2016,,likely_duplicate
9404,,,2016,,additional_nasa_event
9386,27228,0.0553,2016,,likely_duplicate
9336,,,2016,,additional_nasa_event
9338,,,2016,,additional_nasa_event
9334,,,2016,,additional_nasa_event
9335,,,2016,,additional_nasa_event
9328,,,2016,,additional_nasa_event
9314,,,2016,,additional_nasa_event
9318,,,2016,,additional_nasa_event
7736,,,2016,,additional_nasa_event
8682,,,2016,,additional_nasa_event
9199,10860,0.5847,2016,,likely_duplicate
9169,25277,0.3163,2016,,likely_duplicate
9168,2064,0.1498,2016,,likely_duplicate
9142,25472,0.8413,2016,,likely_duplicate
9141,14531,0.2573,2016,2018.0,likely_duplicate
8860,,,2016,,additional_nasa_event
8962,,,2016,,additional_nasa_event
8744,10997,0.1445,2016,,likely_duplicate
8745,,,2016,,additional_nasa_event
8222,518,0.2041,2016,2016.0,likely_duplicate
8163,,,2016,,additional_nasa_event
8086,,,2016,,additional_nasa_event
7920,,,2016,,additional_nasa_event
7913,,,2016,,additional_nasa_event
7932,,,2016,,additional_nasa_event
8032,33836,0.5121,2016,,likely_duplicate
8367,36000,0.9274,2016,,likely_duplicate
8237,878,0.5296,2016,2016.0,likely_duplicate
8472,,,2016,,additional_nasa_event
8482,3481,0.1927,2016,,likely_duplicate
8680,17527,0.5988,2016,,likely_duplicate
8654,,,2016,,additional_nasa_event
8864,,,2016,,additional_nasa_event
8684,,,2016,,additional_nasa_event
8900,19024,0.4166,2016,,likely_duplicate
8901,,,2016,,additional_nasa_event
8916,17525,0.5282,2016,,likely_duplicate
8930,,,2016,,additional_nasa_event
8935,,,2016,,additional_nasa_event
8998,,,2016,,additional_nasa_event
8996,504,0.4383,2016,2017.0,likely_duplicate
8995,514,0.639,2016,,likely_duplicate
9008,,,2016,,additional_nasa_event
9010,1095,0.3078,2016,,likely_duplicate
9002,34257,0.3423,2016,,likely_duplicate
9006,,,2016,,additional_nasa_event
9017,,,2016,,additional_nasa_event
9048,,,2016,,additional_nasa_event
9020,32375,0.3429,2016,,likely_duplicate
9166,,,2016,,additional_nasa_event
9124,,,2016,,additional_nasa_event
9087,1623,0.679,2016,,likely_duplicate
9051,454,0.3531,2016,,likely_duplicate
9074,30219,0.4991,2016,2014.0,likely_duplicate
9122,514,0.5716,2016,,likely_duplicate
9138,28857,0.3602,2016,2014.0,likely_duplicate
9178,,,2016,,additional_nasa_event
9186,25910,0.384,2016,,likely_duplicate
9219,25111,0.4542,2016,2014.0,likely_duplicate
9220,30325,0.3417,2016,,likely_duplicate
9216,,,2016,,additional_nasa_event
9252,1234,0.6266,2016,2016.0,likely_duplicate
9251,,,2016,,additional_nasa_event
9232,21876,0.1138,2016,2017.0,likely_duplicate
9266,,,2016,,additional_nasa_event
9258,35723,0.1339,2016,,likely_duplicate
9257,,,2016,,additional_nasa_event
9264,6072,0.7036,2016,2017.0,likely_duplicate
9356,17525,0.3383,2016,,likely_duplicate
9415,17220,0.2858,2016,,likely_duplicate
9449,,,2016,,additional_nasa_event
9464,1236,0.9418,2016,,likely_duplicate
9447,,,2016,,additional_nasa_event
9448,,,2016,,additional_nasa_event
9468,,,2016,,additional_nasa_event
9478,,,2016,,additional_nasa_event
9477,9549,0.869,2016,,likely_duplicate
9474,9063,0.9904,2016,,likely_duplicate
9476,9862,0.2824,2016,,likely_duplicate
9465,,,2016,,additional_nasa_event
9475,,,2016,,additional_nasa_event
9490,5827,0.1188,2016,,likely_duplicate
9507,3505,0.0699,2016,,likely_duplicate
9630,,,2016,,additional_nasa_event
9584,12542,0.8301,2016,,likely_duplicate
9604,26435,0.2176,2016,,likely_duplicate
9587,,,2016,,additional_nasa_event
9603,30495,0.4745,2016,2015.0,likely_duplicate
9620,26228,0.8576,2016,,likely_duplicate
9617,,,2016,,additional_nasa_event
9618,28929,0.5636,2016,2015.0,likely_duplicate
9619,26206,0.2594,2016,,likely_duplicate
9638,,,2016,,additional_nasa_event
