event_id,event_date,event_year,event_month,event_day_of_year,country_name,country_code,admin_division_name,state_normalized,is_ner,latitude,longitude,landslide_category,landslide_trigger,landslide_size,landslide_setting,fatality_count,injury_count,event_title,location_description
78,2007-05-23 00:00:00,2007,5,143,India,IN,Sikkim,Sikkim,True,27.3383,88.6069,landslide,rain,medium,unknown,,,"Pangthang, on road b/t Gangtok and North Sikkim","Pangthang, on road b/t Gangtok and North Sikkim"
126,2007-07-16 00:00:00,2007,7,197,India,IN,Sikkim,Sikkim,True,27.1499,88.38,mudslide,rain,medium,unknown,,,Bardang near Singtam,Bardang near Singtam
130,2007-07-19 00:00:00,2007,7,200,India,IN,Assam,Assam,True,26.1699,91.7986,landslide,rain,medium,unknown,6.0,,Guwahati,Guwahati
141,2007-07-26 00:00:00,2007,7,207,India,IN,Meghālaya,Meghalaya,True,25.38,91.88,landslide,rain,medium,unknown,,,Singtam,Singtam
142,2007-07-27 00:00:00,2007,7,208,India,IN,Meghālaya,Meghalaya,True,25.5212,90.232,rock_fall,rain,large,unknown,8.0,,Tura,Tura
147,2007-07-30 00:00:00,2007,7,211,India,IN,Mizoram,Mizoram,True,22.533,92.899,landslide,downpour,medium,unknown,,,Lawngtlai,Lawngtlai
148,2007-07-30 00:00:00,2007,7,211,India,IN,Mizoram,Mizoram,True,22.479,92.967,landslide,downpour,medium,unknown,,,Saiha,Saiha
213,2007-08-26 00:00:00,2007,8,238,India,IN,Assam,Assam,True,25.2946,92.8339,landslide,rain,medium,unknown,,,Shillong Road at Kuliang in the Jaintia Hills,Shillong Road at Kuliang in the Jaintia Hills
212,2007-08-26 00:00:00,2007,8,238,India,IN,Meghālaya,Meghalaya,True,25.5576,91.8506,complex,rain,medium,unknown,,,National Highway No 44 at Sonarpur in Meghalaya,National Highway No 44 at Sonarpur in Meghalaya
211,2007-08-26 00:00:00,2007,8,238,India,IN,Manipur,Manipur,True,24.9667,93.55,mudslide,continuous_rain,medium,unknown,1.0,,Tamenglong,Tamenglong
215,2007-08-28 00:00:00,2007,8,240,India,IN,Nāgāland,Nagaland,True,25.7428,93.9136,landslide,rain,medium,unknown,1.0,,Phesema area at National Highway 39,Phesema area at National Highway 39
220,2007-08-31 00:00:00,2007,8,243,India,IN,Manipur,Manipur,True,25.1333,93.9667,landslide,rain,medium,unknown,,,"Velnal village, Tamei sub-division and Toribari village (3 kilometer toward Tamei from Kangpokpi)","Velnal village, Tamei sub-division and Toribari village (3 kilometer toward Tamei from Kangpokpi)"
247,2007-09-08 00:00:00,2007,9,251,India,IN,Manipur,Manipur,True,25.0604,93.9877,landslide,rain,medium,unknown,,,"Lower Shajouba village near Tadubi along NH 39, Manipur ","Lower Shajouba village near Tadubi along NH 39, Manipur "
252,2007-09-09 00:00:00,2007,9,252,India,IN,Nāgāland,Nagaland,True,25.4993,94.1192,landslide,rain,medium,unknown,,,"Mao in Manipur, Phipema and Chunikhudima in Nagaland","Mao in Manipur, Phipema and Chunikhudima in Nagaland"
251,2007-09-09 00:00:00,2007,9,252,India,IN,Sikkim,Sikkim,True,27.1667,88.35,landslide,rain,medium,unknown,1.0,,Hingdam village in South Sikkim,Hingdam village in South Sikkim
256,2007-09-10 00:00:00,2007,9,253,India,IN,Sikkim,Sikkim,True,27.3425,88.6236,landslide,rain,medium,unknown,,,Rhodong village near Rhey in East Sikkim,Rhodong village near Rhey in East Sikkim
255,2007-09-10 00:00:00,2007,9,253,India,IN,Manipur,Manipur,True,24.2451,94.0691,landslide,rain,medium,unknown,,,Wamkhu village along the Tengnoupal-Joupi road in Chandel district,Wamkhu village along the Tengnoupal-Joupi road in Chandel district
259,2007-09-11 00:00:00,2007,9,254,India,IN,Meghālaya,Meghalaya,True,25.52,91.27,landslide,rain,medium,unknown,,,"Assam-Agartala National Highway, Sonarpur in Jayantiya hills of Meghalaya","Assam-Agartala National Highway, Sonarpur in Jayantiya hills of Meghalaya"
258,2007-09-11 00:00:00,2007,9,254,India,IN,Manipur,Manipur,True,24.4279,94.0564,landslide,rain,medium,unknown,3.0,,"NH-39 at Imphal-Moreh section, Lokchao largest event","NH-39 at Imphal-Moreh section, Lokchao largest event"
264,2007-09-13 00:00:00,2007,9,256,India,IN,Assam,Assam,True,26.1833,91.8,landslide,rain,medium,unknown,,,Guwahati,Guwahati
269,2007-09-18 00:00:00,2007,9,261,India,IN,Sikkim,Sikkim,True,27.2872,88.2816,landslide,rain,medium,unknown,,,Geyzing-Jorethang road and Naya Bazar-Legship road,Geyzing-Jorethang road and Naya Bazar-Legship road
285,2007-09-29 00:00:00,2007,9,272,India,IN,Mizoram,Mizoram,True,24.1293,92.6921,landslide,rain,medium,unknown,,,"National Highway, 45 Aizwal (Mizoram)","National Highway, 45 Aizwal (Mizoram)"
313,2007-10-16 00:00:00,2007,10,289,India,IN,Nāgāland,Nagaland,True,25.7055,94.0132,landslide,rain,large,unknown,,,"NH-39 at Piphema,  6 km towards Dimapur from Kohima in Nagaland","NH-39 at Piphema,  6 km towards Dimapur from Kohima in Nagaland"
319,2007-10-19 00:00:00,2007,10,292,India,IN,Nāgāland,Nagaland,True,25.4379,94.1162,landslide,rain,medium,unknown,,,"Maram-Purul Road, Karong Assembly Constituency of Senapati district, Manipur","Maram-Purul Road, Karong Assembly Constituency of Senapati district, Manipur"
322,2007-10-21 00:00:00,2007,10,294,India,IN,Assam,Assam,True,24.75,93.4333,landslide,rain,medium,unknown,,,National Highway 53 at Nungba in Tamenglong district of Manipur,National Highway 53 at Nungba in Tamenglong district of Manipur
545,2008-05-20 00:00:00,2008,5,141,India,IN,Assam,Assam,True,24.9849,92.8411,mudslide,mining,medium,unknown,5.0,,"A Cachar District village, near village of Srinager, Assam","A Cachar District village, near village of Srinager, Assam"
580,2008-06-09 00:00:00,2008,6,161,India,IN,Manipur,Manipur,True,24.6596,93.9784,landslide,monsoon,medium,unknown,,,"near Kuloor church, in Manipur along National Highway","near Kuloor church, in Manipur along National Highway"
585,2008-06-14 00:00:00,2008,6,166,India,IN,Arunāchal Pradesh,Arunachal Pradesh,True,27.0998,93.6287,landslide,rain,large,unknown,21.0,,"Itanagar-Naharlagun, Arunachal Pradesh","Itanagar-Naharlagun, Arunachal Pradesh"
587,2008-06-15 00:00:00,2008,6,167,India,IN,Assam,Assam,True,27.2298,94.0989,landslide,downpour,medium,unknown,17.0,,"Lakhimpur district, Bihpuria, Assam","Lakhimpur district, Bihpuria, Assam"
594,2008-06-19 00:00:00,2008,6,171,India,IN,Manipur,Manipur,True,24.9336,93.8275,mudslide,monsoon,medium,unknown,,,"Namkaoluang village, Tamenglong-Sangrung (Khongsang) road, NH-53, Manipur","Namkaoluang village, Tamenglong-Sangrung (Khongsang) road, NH-53, Manipur"
692,2008-08-07 00:00:00,2008,8,220,India,IN,Nāgāland,Nagaland,True,25.705,94.04,landslide,downpour,medium,unknown,,,"National Highway-39, Dimapur-Imphal road and another under Kiphire district of Nagaland","National Highway-39, Dimapur-Imphal road and another under Kiphire district of Nagaland"
714,2008-08-14 00:00:00,2008,8,227,India,IN,Assam,Assam,True,27.163,94.0,landslide,rain,medium,unknown,,,"Kimin-Ziro road in Papum Pare district, road between Doimukh and Sagalee, Doimukh-Hoj road; Arunachal Pradesh","Kimin-Ziro road in Papum Pare district, road between Doimukh and Sagalee, Doimukh-Hoj road; Arunachal Pradesh"
731,2008-08-19 00:00:00,2008,8,232,India,IN,Nāgāland,Nagaland,True,26.138,94.25,mudslide,downpour,medium,unknown,4.0,,"Akuk village, Wokha District, Nagaland","Akuk village, Wokha District, Nagaland"
755,2008-08-28 00:00:00,2008,8,241,India,IN,Sikkim,Sikkim,True,27.337,88.609,landslide,downpour,medium,unknown,,,"Ranka, Sikkim and Louing road","Ranka, Sikkim and Louing road"
760,2008-08-29 00:00:00,2008,8,242,India,IN,Nāgāland,Nagaland,True,25.67,94.1066,complex,downpour,medium,unknown,,,"Kohima, Nagaland","Kohima, Nagaland"
870,2008-10-29 00:00:00,2008,10,303,India,IN,Arunāchal Pradesh,Arunachal Pradesh,True,27.4,92.35,mudslide,downpour,medium,unknown,12.0,,"West Kameng, Arunachal Pradesh","West Kameng, Arunachal Pradesh"
868,2008-10-29 00:00:00,2008,10,303,India,IN,Assam,Assam,True,26.3333,91.25,landslide,downpour,medium,unknown,7.0,,"Kamrup, and Sonitpur, Assam","Kamrup, and Sonitpur, Assam"
869,2008-10-29 00:00:00,2008,10,303,India,IN,Assam,Assam,True,27.2333,94.1167,landslide,downpour,medium,unknown,,,North Lakhimpur ,North Lakhimpur 
1084,2009-08-12 00:00:00,2009,8,224,India,IN,Arunāchal Pradesh,Arunachal Pradesh,True,27.7,92.8,landslide,downpour,medium,unknown,0.0,,"Upper Subansiri District, Arunanchal Pradesh","Upper Subansiri District, Arunanchal Pradesh"
1108,2009-08-20 00:00:00,2009,8,232,India,IN,Assam,Assam,True,24.9925,93.5,landslide,downpour,medium,unknown,0.0,,"Tamei, Tamenglong district on Imphal-Tamenglong (IT) road","Tamei, Tamenglong district on Imphal-Tamenglong (IT) road"
1109,2009-08-20 00:00:00,2009,8,232,India,IN,Assam,Assam,True,25.5215,93.1645,landslide,downpour,medium,unknown,0.0,,Lumding-Badarpur section in North Cachar Hills district,Lumding-Badarpur section in North Cachar Hills district
1112,2009-08-20 00:00:00,2009,8,232,India,IN,Sikkim,Sikkim,True,27.1761,88.5287,mudslide,downpour,medium,unknown,0.0,,"NH31A, Mile 27 near Rambi","NH31A, Mile 27 near Rambi"
1125,2009-08-26 00:00:00,2009,8,238,India,IN,Sikkim,Sikkim,True,27.3746,88.7648,landslide,rain,medium,unknown,,,"17th Mile towards Tsomgo Lake, near Kyongsala, Sikkim ","17th Mile towards Tsomgo Lake, near Kyongsala, Sikkim "
1127,2009-08-27 00:00:00,2009,8,239,India,IN,Assam,Assam,True,25.1718,93.123,landslide,downpour,medium,unknown,,,between Mahur and Phaiding railway stations on Barail hills (Mahur and Barail hills located),between Mahur and Phaiding railway stations on Barail hills (Mahur and Barail hills located)
1129,2009-08-30 00:00:00,2009,8,242,India,IN,Manipur,Manipur,True,24.8628,94.4182,landslide,downpour,medium,unknown,,,"Road stretch from Gammom to Chamu village, under Kamjong block, Ukhrul district, Manipur","Road stretch from Gammom to Chamu village, under Kamjong block, Ukhrul district, Manipur"
1168,2009-09-17 00:00:00,2009,9,260,India,IN,Sikkim,Sikkim,True,27.1954,88.6115,landslide,rain,medium,unknown,,,"4th Mile on road between Rongli, Rhenock and Rangpo in East Sikkim.","4th Mile on road between Rongli, Rhenock and Rangpo in East Sikkim."
1222,2009-10-05 00:00:00,2009,10,278,India,IN,Mizoram,Mizoram,True,23.73478778,92.72124394,landslide,downpour,medium,urban,3.0,,"Chhinga Veng, Aizawl","Chhinga Veng, Aizawl"
1596,2010-03-27 20:00:00,2010,3,86,India,IN,Manipur,Manipur,True,24.7339,93.9161,mudslide,downpour,medium,unknown,0.0,,"LangthAbal Khoupum, Imphal, Manipur","LangthAbal Khoupum, Imphal, Manipur"
1611,2010-04-01 00:00:00,2010,4,91,India,IN,Assam,Assam,True,25.1553,93.028,landslide,downpour,medium,unknown,3.0,,"Paglanala village, Dholai Block, near Dwarbandh locality of the district, Cachar district (could only find district) 45 km from Silchar, Assam","Paglanala village, Dholai Block, near Dwarbandh locality of the district, Cachar district (could only find district) 45 km from Silchar, Assam"
1613,2010-04-02 23:00:00,2010,4,92,India,IN,Arunāchal Pradesh,Arunachal Pradesh,True,27.8997,93.3497,mudslide,downpour,large,unknown,12.0,,"Koloriang, Kuring Kumey district, Arunachal Pradesh","Koloriang, Kuring Kumey district, Arunachal Pradesh"
1756,2010-04-17 00:00:00,2010,4,107,India,IN,Sikkim,Sikkim,True,27.322,88.6087,landslide,downpour,small,unknown,0.0,,"Nam Nang, Gangtok","Nam Nang, Gangtok"
1755,2010-04-17 15:00:00,2010,4,107,India,IN,Sikkim,Sikkim,True,27.3341,88.6083,landslide,downpour,small,unknown,0.0,,"Natl. Highway 31-A at Pani House(?), Gangtok","Natl. Highway 31-A at Pani House(?), Gangtok"
1771,2010-04-20 00:00:00,2010,4,110,India,IN,Assam,Assam,True,26.1978,91.7665,landslide,downpour,medium,unknown,0.0,,"Raj Bhavan Guwahati, Assam","Raj Bhavan Guwahati, Assam"
1770,2010-04-20 00:00:00,2010,4,110,India,IN,Assam,Assam,True,26.1965,91.763,landslide,downpour,medium,unknown,0.0,,"Kharghuli, Guwahati, Assam","Kharghuli, Guwahati, Assam"
1776,2010-04-21 00:00:00,2010,4,111,India,IN,Meghālaya,Meghalaya,True,25.3612,92.2845,landslide,downpour,medium,unknown,0.0,,Shillong-Jowai(Jwai)-Badarpur National Highway(NH 44) at Sunapur village in Jaintia Hills District,Shillong-Jowai(Jwai)-Badarpur National Highway(NH 44) at Sunapur village in Jaintia Hills District
1775,2010-04-21 00:00:00,2010,4,111,India,IN,Arunāchal Pradesh,Arunachal Pradesh,True,27.8965,96.1779,landslide,downpour,medium,unknown,12.0,,Arunachal Pradesh ,Arunachal Pradesh 
1857,2010-05-11 09:00:00,2010,5,131,India,IN,Meghālaya,Meghalaya,True,25.3433,92.2897,landslide,downpour,medium,unknown,0.0,,"National highway 44 at Sunapur and Tongseng in Jaintia Hills district, eastern Meghalaya","National highway 44 at Sunapur and Tongseng in Jaintia Hills district, eastern Meghalaya"
1930,2010-05-31 00:00:00,2010,5,151,India,IN,Arunāchal Pradesh,Arunachal Pradesh,True,28.4298,95.8776,landslide,downpour,medium,unknown,0.0,,"Anini-Roing road,  Dibang Valley,  Arunachal Pradesh ","Anini-Roing road,  Dibang Valley,  Arunachal Pradesh "
1929,2010-05-31 23:00:00,2010,5,151,India,IN,Sikkim,Sikkim,True,27.3543,88.6428,landslide,downpour,medium,unknown,0.0,,"North Sikkiim Highway, periphery of Gangtok, Sikkim East district","North Sikkiim Highway, periphery of Gangtok, Sikkim East district"
1935,2010-06-03 00:00:00,2010,6,154,India,IN,Tripura,Tripura,True,23.8986,91.7599,landslide,downpour,medium,unknown,0.0,,"atharamura hills, Highway 44, Tripura","atharamura hills, Highway 44, Tripura"
1934,2010-06-03 05:00:00,2010,6,154,India,IN,Assam,Assam,True,24.6005,92.3814,landslide,downpour,medium,unknown,2.0,,Rongpur village under Bhairabhnagar panchayat in Karimganj district,Rongpur village under Bhairabhnagar panchayat in Karimganj district
1954,2010-06-07 00:00:00,2010,6,158,India,IN,Manipur,Manipur,True,24.7543,93.5039,landslide,rain,medium,unknown,0.0,,"Irang(?) and Barak(?) and Makru(?) on highway 53 between Imphal and Jiribam, Manipur","Irang(?) and Barak(?) and Makru(?) on highway 53 between Imphal and Jiribam, Manipur"
1961,2010-06-09 14:15:00,2010,6,160,India,IN,Meghālaya,Meghalaya,True,25.8833,91.2,landslide,downpour,medium,unknown,0.0,,"Ishok Chingphu(?), Bishnupur, Assam","Ishok Chingphu(?), Bishnupur, Assam"
1987,2010-06-15 00:00:00,2010,6,166,India,IN,Assam,Assam,True,25.2269,93.1658,landslide,downpour,medium,unknown,0.0,,"rails between Mahur and Wadringdisa(?), Assam","rails between Mahur and Wadringdisa(?), Assam"
1986,2010-06-15 00:00:00,2010,6,166,India,IN,Nāgāland,Nagaland,True,26.3335,94.5512,landslide,downpour,medium,unknown,0.0,,"Fazl Ali College, Mokokchung, Nagaland","Fazl Ali College, Mokokchung, Nagaland"
1994,2010-06-16 00:00:00,2010,6,167,India,IN,Assam,Assam,True,25.0633,92.8025,landslide,downpour,medium,unknown,0.0,,"rails between Jatinga and Longrangjao(?), Assam","rails between Jatinga and Longrangjao(?), Assam"
1996,2010-06-17 19:30:00,2010,6,168,India,IN,Nāgāland,Nagaland,True,26.4333,94.8833,landslide,downpour,medium,unknown,0.0,,"Shayoung Ward(?), Longleng, Nagaland","Shayoung Ward(?), Longleng, Nagaland"
2025,2010-06-28 00:00:00,2010,6,179,India,IN,Meghālaya,Meghalaya,True,25.5728,91.885,landslide,downpour,medium,unknown,1.0,,"Police CID complex(?), Shillong, Meghalaya","Police CID complex(?), Shillong, Meghalaya"
2026,2010-06-28 00:00:00,2010,6,179,India,IN,Meghālaya,Meghalaya,True,25.4916,91.2698,landslide,downpour,medium,unknown,0.0,,"Borsorsa(?), West Khasi Hills, Meghalaya","Borsorsa(?), West Khasi Hills, Meghalaya"
2045,2010-07-06 00:00:00,2010,7,187,India,IN,Nāgāland,Nagaland,True,26.2363,94.8133,mudslide,monsoon,medium,unknown,0.0,,"Tuensang, Nagaland","Tuensang, Nagaland"
2043,2010-07-06 00:00:00,2010,7,187,India,IN,Nāgāland,Nagaland,True,26.7225,95.0281,mudslide,monsoon,medium,unknown,0.0,,"Mon, Nagaland","Mon, Nagaland"
2042,2010-07-06 00:00:00,2010,7,187,India,IN,Nāgāland,Nagaland,True,26.0093,94.5238,mudslide,monsoon,medium,unknown,0.0,,"Zunheboto, Nagaland","Zunheboto, Nagaland"
2044,2010-07-06 00:00:00,2010,7,187,India,IN,Nāgāland,Nagaland,True,25.8877,94.7861,mudslide,monsoon,medium,unknown,0.0,,"Kiphire,  Nagaland","Kiphire,  Nagaland"
2098,2010-07-19 06:00:00,2010,7,200,India,IN,Nāgāland,Nagaland,True,26.7215,95.0283,landslide,downpour,medium,unknown,0.0,,"Jahjon ward(?), Mon town, Nagaland","Jahjon ward(?), Mon town, Nagaland"
2106,2010-07-20 00:00:00,2010,7,201,India,IN,Nāgāland,Nagaland,True,26.8716,94.9921,landslide,downpour,medium,unknown,0.0,,"road to Oting near Longlam village, 13 km from Tizit subdivision, Mon district, Nagaland","road to Oting near Longlam village, 13 km from Tizit subdivision, Mon district, Nagaland"
2113,2010-07-21 08:00:00,2010,7,202,India,IN,Sikkim,Sikkim,True,27.3773,88.559,landslide,downpour,medium,unknown,0.0,,"Singtam-Mangan rd, Sikkim","Singtam-Mangan rd, Sikkim"
2140,2010-07-25 00:00:00,2010,7,206,India,IN,Assam,Assam,True,25.0477,92.801,landslide,downpour,medium,unknown,0.0,,"road between Halfong and Redzol(?) or Silchar, Assam","road between Halfong and Redzol(?) or Silchar, Assam"
2163,2010-07-29 00:00:00,2010,7,210,India,IN,Nāgāland,Nagaland,True,25.4196,94.1054,landslide,downpour,medium,unknown,0.0,,"Maram area in Senapati district, National Highway 39","Maram area in Senapati district, National Highway 39"
2166,2010-07-29 00:00:00,2010,7,210,India,IN,Assam,Assam,True,24.9786,93.5027,landslide,downpour,medium,unknown,0.0,,"Highway 53 at Tupul, Tamenglong district","Highway 53 at Tupul, Tamenglong district"
2164,2010-07-29 23:00:00,2010,7,210,India,IN,Manipur,Manipur,True,25.3098633,94.48214677,landslide,downpour,medium,unknown,0.0,,"Chingai-Kuingai(Quingai) route (16 kms), Chingai subdivision, Ukhrul district, Manipur","Chingai-Kuingai(Quingai) route (16 kms), Chingai subdivision, Ukhrul district, Manipur"
2182,2010-07-31 09:00:00,2010,7,212,India,IN,Manipur,Manipur,True,24.9356,93.8443,landslide,rain,medium,unknown,0.0,,Dimapur-Imphal highway (NH 39) near Manipur,Dimapur-Imphal highway (NH 39) near Manipur
2205,2010-08-06 00:00:00,2010,8,218,India,IN,Mizoram,Mizoram,True,23.7365,92.7146,landslide,downpour,medium,unknown,0.0,,"Dawrpui Vengthar cemetary, Aizwal, Mizoram","Dawrpui Vengthar cemetary, Aizwal, Mizoram"
2243,2010-08-13 00:00:00,2010,8,225,India,IN,Nāgāland,Nagaland,True,25.70223725,94.04619681,landslide,downpour,medium,mine,0.0,,"NH-39 near Kohima Municipality Council(KMC) dumping ground, between Zubza(Sechu) and Kohima, Nagaland","NH-39 near Kohima Municipality Council(KMC) dumping ground, between Zubza(Sechu) and Kohima, Nagaland"
2247,2010-08-14 00:00:00,2010,8,226,India,IN,Nāgāland,Nagaland,True,26.148,94.8422,landslide,downpour,medium,unknown,0.0,,"Tuensang-Shamatore(Sampurre) rd, Nagaland","Tuensang-Shamatore(Sampurre) rd, Nagaland"
2248,2010-08-14 00:00:00,2010,8,226,India,IN,Nāgāland,Nagaland,True,26.222,94.9152,landslide,downpour,medium,unknown,0.0,,"Noklak-Tuensang road, Nagaland","Noklak-Tuensang road, Nagaland"
2249,2010-08-14 00:00:00,2010,8,226,India,IN,Nāgāland,Nagaland,True,26.0814,94.803,landslide,downpour,medium,unknown,0.0,,"Kiphire-Tuensang rd, Nagaland","Kiphire-Tuensang rd, Nagaland"
2253,2010-08-15 23:00:00,2010,8,227,India,IN,Manipur,Manipur,True,25.31006064,94.48265093,landslide,downpour,medium,unknown,0.0,,"Chingai-Kuingai(Quingai) route (16 kms), Chingai subdivision, Ukhrul district, Manipur","Chingai-Kuingai(Quingai) route (16 kms), Chingai subdivision, Ukhrul district, Manipur"
2263,2010-08-17 00:00:00,2010,8,229,India,IN,Nāgāland,Nagaland,True,26.2753,94.6654,landslide,downpour,medium,unknown,0.0,,"Dikhu bridge(?), Mokokchung-Tuensang road, Nagaland","Dikhu bridge(?), Mokokchung-Tuensang road, Nagaland"
2283,2010-08-19 00:00:00,2010,8,231,India,IN,Manipur,Manipur,True,24.8961,93.4957,mudslide,downpour,medium,unknown,0.0,,"2 km from Khongsang village(?), road between Tamenglong and Imphal or Nungba, Manipur","2 km from Khongsang village(?), road between Tamenglong and Imphal or Nungba, Manipur"
2282,2010-08-19 06:30:00,2010,8,231,India,IN,Nāgāland,Nagaland,True,26.1984,94.8158,landslide,downpour,medium,unknown,0.0,,"Tuensang-Kohima rd, 3 km outside Tuensang, Nagaland","Tuensang-Kohima rd, 3 km outside Tuensang, Nagaland"
2281,2010-08-19 18:00:00,2010,8,231,India,IN,Nāgāland,Nagaland,True,25.61560252,94.11603493,landslide,downpour,medium,above_road,,,"Kisima, Nagaland","Kisima, Nagaland"
2296,2010-08-20 00:00:00,2010,8,232,India,IN,Sikkim,Sikkim,True,27.167,88.3652,complex,downpour,medium,unknown,0.0,,"many locations around Namchi, Sikkim","many locations around Namchi, Sikkim"
2304,2010-08-21 18:00:00,2010,8,233,India,IN,Nāgāland,Nagaland,True,25.5718,94.1211,landslide,downpour,medium,unknown,0.0,,"NH 39 at Kigwema(?), between Mao Gate and Kohima, Nagaland","NH 39 at Kigwema(?), between Mao Gate and Kohima, Nagaland"
2343,2010-08-27 16:30:00,2010,8,239,India,IN,Nāgāland,Nagaland,True,25.4786,94.1327,landslide,downpour,medium,unknown,0.0,,"NH-39 at Ekai village(?), 2 km for Tadubi, Manipur","NH-39 at Ekai village(?), 2 km for Tadubi, Manipur"
2344,2010-08-27 16:30:00,2010,8,239,India,IN,Assam,Assam,True,24.7505,93.4221,landslide,downpour,medium,unknown,0.0,,"NH-53 at Nungba police station, Kambirong(?), Manipur","NH-53 at Nungba police station, Kambirong(?), Manipur"
2345,2010-08-27 18:00:00,2010,8,239,India,IN,Sikkim,Sikkim,True,27.3392,88.6188,landslide,downpour,medium,unknown,0.0,,"Daragaon(?), Gangtok city, Sikkim","Daragaon(?), Gangtok city, Sikkim"
2392,2010-09-04 00:00:00,2010,9,247,India,IN,Sikkim,Sikkim,True,27.3702,88.7334,landslide,downpour,medium,unknown,0.0,,"17th mile(?), Jawaharlal Nehru Marg hwy, between Gangtok and Nathu La, Sikkim","17th mile(?), Jawaharlal Nehru Marg hwy, between Gangtok and Nathu La, Sikkim"
2405,2010-09-09 23:00:00,2010,9,252,India,IN,Arunāchal Pradesh,Arunachal Pradesh,True,28.3036,95.4112,landslide,downpour,medium,unknown,10.0,,"Mossing(Mosing) village(?), Upper Siang district, Arunachal Pradesh","Mossing(Mosing) village(?), Upper Siang district, Arunachal Pradesh"
2411,2010-09-10 00:00:00,2010,9,253,India,IN,Arunāchal Pradesh,Arunachal Pradesh,True,27.0011,93.7273,landslide,downpour,medium,unknown,0.0,,"districts Lakhimpur, Dhemaji, Golaghat, and Sonitpur, Assam province","districts Lakhimpur, Dhemaji, Golaghat, and Sonitpur, Assam province"
2415,2010-09-12 00:00:00,2010,9,255,India,IN,Nāgāland,Nagaland,True,25.63961883,94.11112157,landslide,downpour,medium,unknown,,,power lines 5 km from Kohima,power lines 5 km from Kohima
2424,2010-09-13 00:00:00,2010,9,256,India,IN,Mizoram,Mizoram,True,23.591,92.9296,landslide,downpour,medium,unknown,0.0,,"near Tuivawl(?), Aizawl-Champhai rd, Aizawl district, Mizoram","near Tuivawl(?), Aizawl-Champhai rd, Aizawl district, Mizoram"
2423,2010-09-13 00:00:00,2010,9,256,India,IN,Mizoram,Mizoram,True,23.73504471,92.71060943,landslide,downpour,medium,above_road,,,"road to Kanan Veng from Hunthar Veng, Mizoram","road to Kanan Veng from Hunthar Veng, Mizoram"
2426,2010-09-13 00:00:00,2010,9,256,India,IN,Mizoram,Mizoram,True,22.7176,92.8416,landslide,downpour,medium,unknown,0.0,,"Hual(Hu) village(?), Lunglei-Lawngtlai rd, Mizoram","Hual(Hu) village(?), Lunglei-Lawngtlai rd, Mizoram"
2420,2010-09-13 00:00:00,2010,9,256,India,IN,Mizoram,Mizoram,True,23.72988966,92.71495623,landslide,downpour,medium,urban,1.0,,"Tuikual 'C', Aizawl, Mizoram","Tuikual 'C', Aizawl, Mizoram"
2425,2010-09-13 00:00:00,2010,9,256,India,IN,Mizoram,Mizoram,True,23.3439,93.0748,landslide,downpour,medium,unknown,0.0,,"near Tuichang(?) on Tuichang river, Aizawl-Champhai rd, Mizoram","near Tuichang(?) on Tuichang river, Aizawl-Champhai rd, Mizoram"
2422,2010-09-13 00:00:00,2010,9,256,India,IN,Mizoram,Mizoram,True,23.74182634,92.7141905,landslide,downpour,medium,urban,,,"Hunthar Veng, Mizoram","Hunthar Veng, Mizoram"
2421,2010-09-13 09:00:00,2010,9,256,India,IN,Mizoram,Mizoram,True,23.75406693,92.74128531,landslide,downpour,medium,above_road,,,"road to Muanna Godown, Zuangtui, Mizoram","road to Muanna Godown, Zuangtui, Mizoram"
2437,2010-09-16 00:00:00,2010,9,259,India,IN,Mizoram,Mizoram,True,23.7527,92.694,landslide,downpour,medium,unknown,0.0,,"Aizawl-Lengpui rd 3km from Aizawl, Mizoram, Manipur","Aizawl-Lengpui rd 3km from Aizawl, Mizoram, Manipur"
2436,2010-09-16 03:00:00,2010,9,259,India,IN,Mizoram,Mizoram,True,24.3069,93.125,landslide,downpour,medium,unknown,0.0,,"Taithu village, Churanchandpur district, Mizoram, Manipur","Taithu village, Churanchandpur district, Mizoram, Manipur"
2539,2010-10-03 00:00:00,2010,10,276,India,IN,Arunāchal Pradesh,Arunachal Pradesh,True,28.3092,95.4149,landslide,downpour,medium,unknown,10.0,,"Mosing village, Upper Siang district, Arunachal Pradesh","Mosing village, Upper Siang district, Arunachal Pradesh"
2566,2010-10-08 00:00:00,2010,10,281,India,IN,Nāgāland,Nagaland,True,25.4769,94.1351,mudslide,downpour,medium,unknown,0.0,,"Sahong, Tabu and Pani village under Tadubi police station of Senapati district, NH-39","Sahong, Tabu and Pani village under Tadubi police station of Senapati district, NH-39"
2569,2010-10-08 00:00:00,2010,10,281,India,IN,Nāgāland,Nagaland,True,25.2745,94.0212,landslide,downpour,medium,unknown,0.0,,"Bungte Chiru village(?), Senapati district, Manipur","Bungte Chiru village(?), Senapati district, Manipur"
2567,2010-10-08 00:00:00,2010,10,281,India,IN,Manipur,Manipur,True,25.6633,94.4703,complex,downpour,medium,unknown,0.0,,"Phek, Manipur","Phek, Manipur"
2568,2010-10-08 00:00:00,2010,10,281,India,IN,Assam,Assam,True,24.7679,93.4108,landslide,downpour,medium,unknown,0.0,,"Nungba, Tamenglong, Manipur","Nungba, Tamenglong, Manipur"
2570,2010-10-08 00:00:00,2010,10,281,India,IN,Manipur,Manipur,True,24.837,93.9128,landslide,downpour,medium,unknown,0.0,,"Tharon(?) and Langol Tarung villages, Thangmeiband constituency, Imphal, Manipur","Tharon(?) and Langol Tarung villages, Thangmeiband constituency, Imphal, Manipur"
2575,2010-10-09 00:00:00,2010,10,282,India,IN,Assam,Assam,True,25.5242,92.9914,landslide,downpour,medium,unknown,0.0,,"road between Haflong and Lanka, Assam","road between Haflong and Lanka, Assam"
2577,2010-10-09 00:00:00,2010,10,282,India,IN,Nāgāland,Nagaland,True,25.5265,93.8673,landslide,downpour,medium,unknown,0.0,,"NH-39 near Khongnem(?) village, between Imphal and Dimapur, Manipur","NH-39 near Khongnem(?) village, between Imphal and Dimapur, Manipur"
2578,2010-10-09 00:00:00,2010,10,282,India,IN,Nāgāland,Nagaland,True,25.3179,94.0462,landslide,downpour,medium,unknown,0.0,,"NH-39 in Karong area, Manipur","NH-39 in Karong area, Manipur"
2576,2010-10-09 00:00:00,2010,10,282,India,IN,Nāgāland,Nagaland,True,25.4788,94.1399,landslide,downpour,medium,unknown,0.0,,"NH-39 at Tobio village(?), 7 km form Tadubi, Manipur","NH-39 at Tobio village(?), 7 km form Tadubi, Manipur"
2579,2010-10-09 00:00:00,2010,10,282,India,IN,Nāgāland,Nagaland,True,25.682,94.1076,landslide,downpour,medium,unknown,0.0,,"Lower Pezielietsie(Tinpati), Kohima, Manipur","Lower Pezielietsie(Tinpati), Kohima, Manipur"
2573,2010-10-09 00:00:00,2010,10,282,India,IN,Assam,Assam,True,25.1796,93.0083,mudslide,downpour,medium,unknown,1.0,,"Haflong, Assam","Haflong, Assam"
2574,2010-10-09 00:00:00,2010,10,282,India,IN,Assam,Assam,True,25.4749,93.1477,landslide,downpour,medium,unknown,0.0,,"between Mahur and Maigrandisa(?) or Lumding, Assam","between Mahur and Maigrandisa(?) or Lumding, Assam"
2587,2010-10-10 06:00:00,2010,10,283,India,IN,Nāgāland,Nagaland,True,25.6623,94.1072,landslide,downpour,medium,unknown,0.0,,"Lower Chandmari area, PWD department, Kohima, Manipur","Lower Chandmari area, PWD department, Kohima, Manipur"
2743,2010-11-22 00:00:00,2010,11,326,India,IN,Arunāchal Pradesh,Arunachal Pradesh,True,27.5798729,91.85672387,landslide,unknown,medium,natural_slope,,,"Tawang Monastery, Arunachal Pradesh","Tawang Monastery, Arunachal Pradesh"
3269,2011-03-22 00:00:00,2011,3,81,India,IN,Arunāchal Pradesh,Arunachal Pradesh,True,28.0791,96.5242,landslide,downpour,medium,unknown,0.0,,"road from other districts to Hawai(Tawai?) which is  on Lojit river, near Hayuliang,  Anjaw district, Arunachal Pradesh","road from other districts to Hawai(Tawai?) which is  on Lojit river, near Hayuliang,  Anjaw district, Arunachal Pradesh"
3525,2011-05-22 00:00:00,2011,5,142,India,IN,Assam,Assam,True,25.0672,93.4093,landslide,downpour,medium,unknown,0.0,,"Kaiphundai(?)-Tousem(in Assam) road, Tamenglong district, Manipur","Kaiphundai(?)-Tousem(in Assam) road, Tamenglong district, Manipur"
3532,2011-05-24 00:00:00,2011,5,144,India,IN,Assam,Assam,True,25.0888,92.8551,complex,downpour,medium,unknown,0.0,,"Silchar-Haflong rd., at Reko(Rekha )(?), near Harangajao, Barail Hills, Assam","Silchar-Haflong rd., at Reko(Rekha )(?), near Harangajao, Barail Hills, Assam"
3556,2011-05-31 14:00:00,2011,5,151,India,IN,Manipur,Manipur,True,25.1555,93.8474,landslide,continuous_rain,small,unknown,0.0,,"Roads between Tamei(Tamma?), Kangpokpi and Chalwa, Manipur","Roads between Tamei(Tamma?), Kangpokpi and Chalwa, Manipur"
3560,2011-05-31 14:30:00,2011,5,151,India,IN,Manipur,Manipur,True,24.8286,93.5935,landslide,downpour,medium,unknown,2.0,,"Gaoilung(Gadailong) village(?), Ward 4(?), Tamenglong, Manipur","Gaoilung(Gadailong) village(?), Ward 4(?), Tamenglong, Manipur"
3633,2011-06-20 00:00:00,2011,6,171,India,IN,Nāgāland,Nagaland,True,26.3186,94.5121,landslide,downpour,medium,unknown,0.0,,Mokokchung,Mokokchung
3637,2011-06-21 00:00:00,2011,6,172,India,IN,Nāgāland,Nagaland,True,25.51614662,94.2341227,landslide,rain,medium,deforested_slope,,,"Lasumi village in Phek district, Kohima","Lasumi village in Phek district, Kohima"
3663,2011-06-28 00:00:00,2011,6,179,India,IN,Nāgāland,Nagaland,True,25.6682,94.1099,landslide,downpour,medium,unknown,0.0,,"Ruzapfu valley, Kikruma Village, Phek District, Nagaland","Ruzapfu valley, Kikruma Village, Phek District, Nagaland"
3662,2011-06-28 00:00:00,2011,6,179,India,IN,Manipur,Manipur,True,25.03561729,94.0144205,landslide,rain,medium,below_road,,,"Ikou-Gangpijang road, near: Ikou, Saikul, and Gangpijang; Imphal India","Ikou-Gangpijang road, near: Ikou, Saikul, and Gangpijang; Imphal India"
3672,2011-06-29 00:00:00,2011,6,180,India,IN,Assam,Assam,True,25.5125,93.3613,landslide,downpour,medium,unknown,0.0,,"Portions of NH 39, Connectin Manipur with Assam via Nagaland","Portions of NH 39, Connectin Manipur with Assam via Nagaland"
3683,2011-07-01 00:00:00,2011,7,182,India,IN,Nāgāland,Nagaland,True,25.8782,94.1739,landslide,downpour,medium,unknown,0.0,,NH-61 between Botsa and Chiechama,NH-61 between Botsa and Chiechama
3738,2011-07-06 00:00:00,2011,7,187,India,IN,Manipur,Manipur,True,24.8063,93.9482,landslide,downpour,medium,unknown,6.0,,"National Highway 53, Sinam Khul (near Kotlen; ~25 km from Imphal)","National Highway 53, Sinam Khul (near Kotlen; ~25 km from Imphal)"
3741,2011-07-07 00:00:00,2011,7,188,India,IN,Nāgāland,Nagaland,True,25.4191,94.1079,landslide,rain,medium,unknown,0.0,,Maram (80 km north of Imphal),Maram (80 km north of Imphal)
3760,2011-07-11 09:00:00,2011,7,192,India,IN,Nāgāland,Nagaland,True,25.6703,94.1095,landslide,downpour,medium,unknown,0.0,,"NH-61, 1 km before reaching Botsa","NH-61, 1 km before reaching Botsa"
3776,2011-07-15 18:00:00,2011,7,196,India,IN,Arunāchal Pradesh,Arunachal Pradesh,True,27.125,93.7145,landslide,downpour,small,unknown,0.0,,Itanagar/Naharlagur/Nirjuli,Itanagar/Naharlagur/Nirjuli
3789,2011-07-16 00:00:00,2011,7,197,India,IN,Arunāchal Pradesh,Arunachal Pradesh,True,27.2743,92.9064,landslide,downpour,medium,unknown,0.0,,Mebua (8 km from Seppa),Mebua (8 km from Seppa)
3794,2011-07-17 00:00:00,2011,7,198,India,IN,Sikkim,Sikkim,True,26.99195749,88.42280921,landslide,rain,medium,above_road,,,West Bengal-Sikkim at highway Rambi,West Bengal-Sikkim at highway Rambi
3805,2011-07-19 00:00:00,2011,7,200,India,IN,Sikkim,Sikkim,True,27.05374234,88.42572376,landslide,rain,medium,above_road,0.0,,200 meters from Teesta Bridge towards Siliguri,200 meters from Teesta Bridge towards Siliguri
3806,2011-07-19 00:00:00,2011,7,200,India,IN,Arunāchal Pradesh,Arunachal Pradesh,True,27.1032,93.6884,landslide,downpour,medium,unknown,3.0,,"Itanagar (one near Pachali power house, one near Heema Hospital, and one nearRomik Colony at P Sector)","Itanagar (one near Pachali power house, one near Heema Hospital, and one nearRomik Colony at P Sector)"
3831,2011-07-22 00:00:00,2011,7,203,India,IN,Manipur,Manipur,True,24.7992,93.948,landslide,downpour,medium,unknown,0.0,,Heibok Hills,Heibok Hills
3830,2011-07-22 00:00:00,2011,7,203,India,IN,Manipur,Manipur,True,24.3527,94.3429,landslide,downpour,small,unknown,0.0,,Manipur,Manipur
3837,2011-07-24 12:30:00,2011,7,205,India,IN,Assam,Assam,True,26.5836,93.0038,landslide,downpour,medium,unknown,0.0,,NH 37,NH 37
3840,2011-07-25 00:00:00,2011,7,206,India,IN,Manipur,Manipur,True,24.6869,93.9157,landslide,downpour,medium,unknown,0.0,,Manipur,Manipur
3860,2011-07-29 00:00:00,2011,7,210,India,IN,Nāgāland,Nagaland,True,25.4192,94.108,landslide,rain,medium,unknown,0.0,,"Maram, Manipur","Maram, Manipur"
3881,2011-08-05 00:00:00,2011,8,217,India,IN,Arunāchal Pradesh,Arunachal Pradesh,True,27.1034,93.6885,landslide,downpour,medium,unknown,0.0,,Itanagar,Itanagar
3912,2011-08-12 00:00:00,2011,8,224,India,IN,Arunāchal Pradesh,Arunachal Pradesh,True,27.44,92.2833,landslide,rain,medium,unknown,0.0,,East Kameng district in Arunachal Pradesh bordering China,East Kameng district in Arunachal Pradesh bordering China
3916,2011-08-13 08:00:00,2011,8,225,India,IN,Assam,Assam,True,25.7713,93.8067,mudslide,downpour,medium,unknown,0.0,,"Chumukedima, Dimapur","Chumukedima, Dimapur"
3925,2011-08-15 00:00:00,2011,8,227,India,IN,Arunāchal Pradesh,Arunachal Pradesh,True,27.4888,93.0153,landslide,downpour,medium,unknown,0.0,,"East Kameng, Arunachal Pradesh","East Kameng, Arunachal Pradesh"
3927,2011-08-16 08:00:00,2011,8,228,India,IN,Meghālaya,Meghalaya,True,25.5144,90.2167,landslide,downpour,medium,unknown,6.0,,"Garo Hills, Tura","Garo Hills, Tura"
3932,2011-08-18 00:00:00,2011,8,230,India,IN,Nāgāland,Nagaland,True,25.83,94.13,landslide,monsoon,medium,unknown,0.0,, Botsa  and Chiechama, Botsa  and Chiechama
3965,2011-09-06 08:00:00,2011,9,249,India,IN,Assam,Assam,True,24.808,93.117,landslide,rain,medium,unknown,3.0,,NH 37 at Awang Khul ,NH 37 at Awang Khul 
3983,2011-09-23 00:00:00,2011,9,266,India,IN,Assam,Assam,True,26.1548,91.7351,landslide,downpour,large,unknown,4.0,,"Maighuli, Guwahati, Meghalaya","Maighuli, Guwahati, Meghalaya"
4241,2012-03-04 00:00:00,2012,3,64,India,IN,Manipur,Manipur,True,25.1604,93.6795,landslide,unknown,medium,unknown,0.0,,Tamei constituency in Tamenlong district,Tamei constituency in Tamenlong district
4313,2012-04-08 00:00:00,2012,4,99,India,IN,Arunāchal Pradesh,Arunachal Pradesh,True,28.4659,95.86,landslide,downpour,medium,unknown,0.0,,"Endulin Nallah, Mayodia, 17-camp, 83-camp","Endulin Nallah, Mayodia, 17-camp, 83-camp"
4377,2012-06-02 00:00:00,2012,6,154,India,IN,Assam,Assam,True,26.1475,91.7356,landslide,downpour,large,unknown,,,"Guwahati, Assam","Guwahati, Assam"
4378,2012-06-02 00:00:00,2012,6,154,India,IN,Arunachal Pradesh,Arunachal Pradesh,True,28.8254,96.1517,landslide,downpour,medium,unknown,,,"Arunachal Pradesh, Dibang,","Arunachal Pradesh, Dibang,"
4383,2012-06-03 00:00:00,2012,6,155,India,IN,Assam,Assam,True,25.3056,93.1265,landslide,downpour,medium,unknown,,,"between Maibang and Daotohaja, Assam","between Maibang and Daotohaja, Assam"
4384,2012-06-03 00:00:00,2012,6,155,India,IN,Assam,Assam,True,25.1775,93.0123,landslide,downpour,medium,unknown,,,"between Haflong and  Bagetar, Assam","between Haflong and  Bagetar, Assam"
4382,2012-06-03 00:00:00,2012,6,155,India,IN,Assam,Assam,True,25.1175,92.8573,landslide,downpour,medium,unknown,,," between Harangajao and Mailongdisa, Assa,"," between Harangajao and Mailongdisa, Assa,"
4394,2012-06-07 04:30:00,2012,6,159,India,IN,Sikkim,Sikkim,True,27.1748,88.6458,landslide,rain,large,unknown,7.0,,"Rolep, South Sikkim( Mapping to Rhenock 12 miles from Rolep)","Rolep, South Sikkim( Mapping to Rhenock 12 miles from Rolep)"
4403,2012-06-10 00:00:00,2012,6,162,India,IN,Manipur,Manipur,True,24.8142,93.5444,landslide,downpour,very_large,unknown,,,"Imphal-Jiribam section of NH-37 , Manipur","Imphal-Jiribam section of NH-37 , Manipur"
4408,2012-06-13 00:00:00,2012,6,165,India,IN,Meghālaya,Meghalaya,True,25.5498,92.0757,landslide,downpour,medium,unknown,,,"NH44, Kuliang","NH44, Kuliang"
4407,2012-06-13 00:00:00,2012,6,165,India,IN,Assam,Assam,True,25.0951,92.3567,landslide,downpour,medium,unknown,,,"NH44, Malidhor area,  Baleswar","NH44, Malidhor area,  Baleswar"
4411,2012-06-14 04:00:00,2012,6,166,India,IN,Sikkim,Sikkim,True,27.339,88.6065,landslide,downpour,medium,unknown,,,"Tathangchen, Gangtok, Sikkim ","Tathangchen, Gangtok, Sikkim "
4424,2012-06-20 00:00:00,2012,6,172,India,IN,Assam,Assam,True,26.149,91.7351,landslide,downpour,medium,unknown,,,"Lalunggaon, Guwahati,  Assam","Lalunggaon, Guwahati,  Assam"
4426,2012-06-22 00:00:00,2012,6,174,India,IN,Assam,Assam,True,26.1226,91.7162,landslide,downpour,medium,unknown,3.0,,Lalunggaon near Gorchuk area,Lalunggaon near Gorchuk area
4436,2012-06-25 00:00:00,2012,6,177,India,IN,Arunāchal Pradesh,Arunachal Pradesh,True,26.9986,95.4993,landslide,downpour,medium,unknown,,,"Khonsa, Arunachal Pradesh","Khonsa, Arunachal Pradesh"
4435,2012-06-25 00:00:00,2012,6,177,India,IN,Arunāchal Pradesh,Arunachal Pradesh,True,27.174,95.8011,landslide,downpour,large,unknown,,,"Tirap , Arunachal Pradesh","Tirap , Arunachal Pradesh"
4434,2012-06-25 18:00:00,2012,6,177,India,IN,Assam,Assam,True,26.1049,91.7369,landslide,downpour,large,unknown,1.0,,"Sonaighuli area near Kahilipara, Guwahati City, Assam","Sonaighuli area near Kahilipara, Guwahati City, Assam"
4446,2012-07-05 00:00:00,2012,7,187,India,IN,Arunachal Pradesh,Arunachal Pradesh,True,28.9986,94.8885,landslide,downpour,large,unknown,,,"Tuting, Upper Siang , Arunachal Pradesh","Tuting, Upper Siang , Arunachal Pradesh"
4552,2012-09-14 00:00:00,2012,9,258,India,IN,Sikkim,Sikkim,True,27.0377,88.3603,landslide,downpour,medium,unknown,,,"Takdah, West Bengal","Takdah, West Bengal"
4556,2012-09-16 00:00:00,2012,9,260,India,IN,Sikkim,Sikkim,True,27.1675,88.3651,landslide,downpour,medium,unknown,,,"Namchi to Phongla, Namchi to Melli ,Namchi to Sumbuk","Namchi to Phongla, Namchi to Melli ,Namchi to Sumbuk"
4570,2012-09-19 00:00:00,2012,9,263,India,IN,Arunāchal Pradesh,Arunachal Pradesh,True,27.8458,95.2253,landslide,downpour,medium,unknown,,, Arunachal Pradesh , Arunachal Pradesh 
4610,2012-11-11 00:00:00,2012,11,316,India,IN,Mizoram,Mizoram,True,23.7705,92.5217,landslide,downpour,medium,unknown,4.0,,"Dapchhuah, Mamit, Mizoram","Dapchhuah, Mamit, Mizoram"
4757,2013-02-18 00:00:00,2013,2,49,India,IN,Arunāchal Pradesh,Arunachal Pradesh,True,28.1193,95.1645,landslide,rain,medium,unknown,3.0,2.0,"East Siang, Arunachal Pradesh","East Siang, Arunachal Pradesh"
4798,2013-04-07 00:00:00,2013,4,97,India,IN,Arunachal Pradesh,Arunachal Pradesh,True,28.8254,96.1509,landslide,rain,medium,unknown,,,"Dibang Valley, Arunachal Pradesh","Dibang Valley, Arunachal Pradesh"
4845,2013-05-07 00:00:00,2013,5,127,India,IN,Mizoram,Mizoram,True,24.2315,92.6755,mudslide,rain,medium,unknown,,,"Kolasib, Saiha, Mizoram,","Kolasib, Saiha, Mizoram,"
4848,2013-05-08 00:00:00,2013,5,128,India,IN,Tripura,Tripura,True,24.0896,91.4663,landslide,rain,medium,unknown,1.0,,"Purba Simna, Tripura","Purba Simna, Tripura"
4860,2013-05-11 00:00:00,2013,5,131,India,IN,Assam,Assam,True,26.1016,91.6906,landslide,rain,medium,unknown,,,"Boragaon, North Guwahati, Guwahati, Assam,","Boragaon, North Guwahati, Guwahati, Assam,"
4859,2013-05-11 00:00:00,2013,5,131,India,IN,Assam,Assam,True,26.1771,91.7599,landslide,rain,medium,unknown,,1.0,"Sarania Hills, North Guwahati, Guwahati, Assam,","Sarania Hills, North Guwahati, Guwahati, Assam,"
4858,2013-05-11 09:00:00,2013,5,131,India,IN,Assam,Assam,True,26.1662,91.7138,landslide,rain,medium,unknown,,,"Nursery, North Guwahati, Guwahati, Assam,","Nursery, North Guwahati, Guwahati, Assam,"
4857,2013-05-11 09:00:00,2013,5,131,India,IN,Mizoram,Mizoram,True,23.7281,92.7175,landslide,rain,large,unknown,15.0,,"Laipuitland , Aizawl, Mizoram","Laipuitland , Aizawl, Mizoram"
4861,2013-05-12 00:00:00,2013,5,132,India,IN,Assam,Assam,True,24.9926,93.4946,mudslide,rain,medium,unknown,,,"Khongsang, Tamenglong, Manipur,","Khongsang, Tamenglong, Manipur,"
4892,2013-06-01 00:00:00,2013,6,152,India,IN,Arunāchal Pradesh,Arunachal Pradesh,True,27.8776,94.25,landslide,downpour,large,unknown,,,Upper Subansiri,Upper Subansiri
4906,2013-06-07 00:00:00,2013,6,158,India,IN,Nāgāland,Nagaland,True,26.0977,94.7499,landslide,unknown,medium,unknown,,,"Helipong-Chessore Road, Nagaland","Helipong-Chessore Road, Nagaland"
4905,2013-06-07 00:00:00,2013,6,158,India,IN,Nāgāland,Nagaland,True,26.0977,94.7031,landslide,unknown,medium,unknown,,,"Kuthur – Huker Road Via Y Anner, Chessore, Nagaland","Kuthur – Huker Road Via Y Anner, Chessore, Nagaland"
4908,2013-06-08 17:00:00,2013,6,159,India,IN,Sikkim,Sikkim,True,27.3721,88.708,landslide,downpour,medium,unknown,0.0,,"15 Km From Gangtok, Himalayans","15 Km From Gangtok, Himalayans"
4990,2013-06-27 23:00:00,2013,6,178,India,IN,Sikkim,Sikkim,True,27.3765,88.7628,landslide,downpour,medium,unknown,0.0,,"Near Changu Lake, 15Km Away From Nathu La, On India-China Border In Eastern Sikkim","Near Changu Lake, 15Km Away From Nathu La, On India-China Border In Eastern Sikkim"
5005,2013-07-01 00:00:00,2013,7,182,India,IN,Nāgāland,Nagaland,True,26.72,95.029,landslide,downpour,medium,unknown,0.0,,"Walo Ward, Mon Town, Wokha District, Nagaland","Walo Ward, Mon Town, Wokha District, Nagaland"
5006,2013-07-01 00:00:00,2013,7,182,India,IN,Nāgāland,Nagaland,True,26.1147,94.3864,landslide,downpour,medium,unknown,0.0,,"Thillong Village, Doyang Along State Highway 1, Wokha To Merapani Road","Thillong Village, Doyang Along State Highway 1, Wokha To Merapani Road"
5087,2013-07-12 00:00:00,2013,7,193,India,IN,Nāgāland,Nagaland,True,25.6269,94.1139,landslide,downpour,medium,unknown,0.0,,"National Highway 29 Near Phesama Village, Nagaland","National Highway 29 Near Phesama Village, Nagaland"
5084,2013-07-12 23:00:00,2013,7,193,India,IN,Nāgāland,Nagaland,True,25.616,94.1167,landslide,downpour,medium,unknown,0.0,,"National Highway 2 Near Phesama Village Close To Kisama Naha Heritage Site, Kohima District, Nagaland","National Highway 2 Near Phesama Village Close To Kisama Naha Heritage Site, Kohima District, Nagaland"
5107,2013-07-15 00:00:00,2013,7,196,India,IN,Nāgāland,Nagaland,True,25.6269,94.1139,landslide,rain,medium,unknown,0.0,,"National Highway 29 Near Phesama Village, Nagaland","National Highway 29 Near Phesama Village, Nagaland"
5123,2013-07-17 00:00:00,2013,7,198,India,IN,Nāgāland,Nagaland,True,25.7131,94.0885,mudslide,rain,medium,unknown,0.0,,"National Highway 2 Near Meriema Village, 10 Km Away From Kohima","National Highway 2 Near Meriema Village, 10 Km Away From Kohima"
5122,2013-07-17 00:00:00,2013,7,198,India,IN,Nāgāland,Nagaland,True,25.7658,93.9413,mudslide,rain,medium,unknown,0.0,,"National Highway 29 Between Patkai Bridge And Kukidolong, Nagaland","National Highway 29 Between Patkai Bridge And Kukidolong, Nagaland"
5250,2013-08-01 00:00:00,2013,8,213,India,IN,Arunachal Pradesh,Arunachal Pradesh,True,27.8837,93.0515,mudslide,rain,medium,unknown,,,"Polo River At Polosang, Arunachal Pradesh","Polo River At Polosang, Arunachal Pradesh"
5272,2013-08-04 00:00:00,2013,8,216,India,IN,Nāgāland,Nagaland,True,26.2083,94.5438,landslide,monsoon,medium,unknown,,,"Longsa, Nagaland","Longsa, Nagaland"
5271,2013-08-04 00:00:00,2013,8,216,India,IN,Nāgāland,Nagaland,True,26.284,94.5808,landslide,continuous_rain,medium,unknown,,,"Nanga, Nagaland","Nanga, Nagaland"
5269,2013-08-04 00:00:00,2013,8,216,India,IN,Nāgāland,Nagaland,True,25.8376,94.5234,landslide,continuous_rain,medium,unknown,,,"Tizu, Nagaland","Tizu, Nagaland"
5270,2013-08-04 00:00:00,2013,8,216,India,IN,Nāgāland,Nagaland,True,26.0481,94.4619,landslide,continuous_rain,medium,unknown,,,"Phizo, Nagaland","Phizo, Nagaland"
5273,2013-08-04 00:00:00,2013,8,216,India,IN,Nāgāland,Nagaland,True,26.1807,94.5497,landslide,monsoon,medium,unknown,,,"Zhekuto, Nagaland","Zhekuto, Nagaland"
5274,2013-08-04 00:00:00,2013,8,216,India,IN,Nāgāland,Nagaland,True,26.0838,94.564,landslide,rain,medium,unknown,,,"Suruhuto Town, Nagaland","Suruhuto Town, Nagaland"
5268,2013-08-04 00:00:00,2013,8,216,India,IN,Nāgāland,Nagaland,True,26.0137,94.5163,landslide,continuous_rain,medium,unknown,,,"Zunheboto, Nagaland","Zunheboto, Nagaland"
5275,2013-08-04 00:00:00,2013,8,216,India,IN,Nāgāland,Nagaland,True,26.1498,94.6055,landslide,monsoon,medium,unknown,,,"Suruhuto Town, Nagaland","Suruhuto Town, Nagaland"
5300,2013-08-09 00:00:00,2013,8,221,India,IN,Nāgāland,Nagaland,True,25.318,94.0441,landslide,downpour,large,unknown,,,"Senapati, Manipur","Senapati, Manipur"
5312,2013-08-11 23:00:00,2013,8,223,India,IN,Assam,Assam,True,26.7103,94.693,landslide,downpour,very_large,unknown,0.0,,Kangtsung Village,Kangtsung Village
5427,2013-08-15 00:00:00,2013,8,227,India,IN,Nāgāland,Nagaland,True,25.3833,94.1884,landslide,downpour,medium,unknown,,,"Koide Government High School, Senapati, Manipur","Koide Government High School, Senapati, Manipur"
5336,2013-08-16 00:00:00,2013,8,228,India,IN,Nāgāland,Nagaland,True,26.3897,94.9439,landslide,rain,medium,unknown,,,"Tobu, Nagaland","Tobu, Nagaland"
5337,2013-08-16 00:00:00,2013,8,228,India,IN,Nāgāland,Nagaland,True,26.4205,94.9731,landslide,rain,medium,unknown,,,"Yakshu, Nagaland","Yakshu, Nagaland"
5338,2013-08-16 00:00:00,2013,8,228,India,IN,Assam,Assam,True,26.8727,94.9275,landslide,rain,medium,unknown,,,"Longlem, Nagaland","Longlem, Nagaland"
5343,2013-08-17 23:00:00,2013,8,229,India,IN,Assam,Assam,True,24.7625,93.4341,landslide,continuous_rain,medium,unknown,,,The Imphal-Jiribam Section Of Nh-37 In Tamenglong District,The Imphal-Jiribam Section Of Nh-37 In Tamenglong District
5421,2013-08-30 00:00:00,2013,8,242,India,IN,Nāgāland,Nagaland,True,26.4205,94.9731,mudslide,unknown,medium,unknown,,,"Yakshu, Nagaland","Yakshu, Nagaland"
5431,2013-09-01 00:00:00,2013,9,244,India,IN,Assam,Assam,True,24.9829,93.5063,mudslide,continuous_rain,medium,unknown,0.0,,"Tamenglong, Manipur","Tamenglong, Manipur"
5430,2013-09-01 00:00:00,2013,9,244,India,IN,Manipur,Manipur,True,24.9037,93.487,mudslide,continuous_rain,medium,unknown,0.0,,"Tamenglong- Khongsang Road, Manipur","Tamenglong- Khongsang Road, Manipur"
5429,2013-09-01 18:00:00,2013,9,244,India,IN,Sikkim,Sikkim,True,27.3425,88.2426,landslide,downpour,medium,unknown,5.0,,Tamabong Village In Sikkim State,Tamabong Village In Sikkim State
5442,2013-09-02 00:00:00,2013,9,245,India,IN,Arunāchal Pradesh,Arunachal Pradesh,True,27.1614,93.7525,landslide,downpour,large,unknown,,,Arunachal Pradesh,Arunachal Pradesh
5441,2013-09-02 00:00:00,2013,9,245,India,IN,Arunāchal Pradesh,Arunachal Pradesh,True,28.611,94.9829,landslide,downpour,large,unknown,,,"Gosang Village Under Jengging Circle, Arunachal Pradesh","Gosang Village Under Jengging Circle, Arunachal Pradesh"
5476,2013-09-07 15:00:00,2013,9,250,India,IN,Sikkim,Sikkim,True,27.3736,88.7323,landslide,rain,medium,unknown,0.0,,14 Milestone Of J N Marg Near Kyangnosola (East Sikkim),14 Milestone Of J N Marg Near Kyangnosola (East Sikkim)
5552,2013-09-24 00:00:00,2013,9,267,India,IN,Manipur,Manipur,True,25.0985,94.3619,landslide,unknown,medium,unknown,,,"Ukhrul, Manipur","Ukhrul, Manipur"
5575,2013-10-05 23:00:00,2013,10,278,India,IN,Nāgāland,Nagaland,True,25.8266,94.1497,mudslide,continuous_rain,medium,unknown,0.0,,"Chiechama, Nagaland","Chiechama, Nagaland"
5584,2013-10-06 00:00:00,2013,10,279,India,IN,Assam,Assam,True,26.1665,91.7049,landslide,downpour,medium,unknown,0.0,,"Nilachal Hill, Guwahati, Assam","Nilachal Hill, Guwahati, Assam"
5582,2013-10-06 12:45:00,2013,10,279,India,IN,Assam,Assam,True,26.1309,91.8383,landslide,downpour,medium,unknown,1.0,,"Batahguli, Guwahati, Assam","Batahguli, Guwahati, Assam"
5603,2013-10-13 19:30:00,2013,10,286,India,IN,Manipur,Manipur,True,25.426,94.6024,mudslide,downpour,medium,unknown,0.0,,"Tusom, Manipur","Tusom, Manipur"
6015,2014-05-08 00:00:00,2014,5,128,India,IN,Arunachal Pradesh,Arunachal Pradesh,True,27.9032,96.174,mudslide,rain,medium,above_road,0.0,0.0,Lohit District of Arunachal Pradesh,Lohit District of Arunachal Pradesh
6016,2014-05-09 23:00:00,2014,5,129,India,IN,Assam,Assam,True,24.8669,92.3576,landslide,rain,small,unknown,7.0,0.0,"Satgarakul Village, Karimganj, Assam State","Satgarakul Village, Karimganj, Assam State"
6107,2014-06-26 23:00:00,2014,6,177,India,IN,Assam,Assam,True,26.1844,91.7896,landslide,continuous_rain,small,unknown,1.0,0.0,Bamunimaidam,Bamunimaidam
6106,2014-06-26 23:00:00,2014,6,177,India,IN,Assam,Assam,True,26.1407,91.7645,landslide,continuous_rain,small,unknown,3.0,0.0,Narakasur,Narakasur
6105,2014-06-26 23:00:00,2014,6,177,India,IN,Arunachal Pradesh,Arunachal Pradesh,True,28.9205,95.3429,landslide,continuous_rain,medium,above_road,0.0,0.0,Arunachal Pradesh,Arunachal Pradesh
6110,2014-06-27 00:00:00,2014,6,178,India,IN,Assam,Assam,True,26.1619,91.7697,landslide,rain,small,unknown,3.0,0.0,"Bhangagarh, Assam","Bhangagarh, Assam"
6112,2014-06-28 09:00:00,2014,6,179,India,IN,Assam,Assam,True,26.1964,91.7652,landslide,rain,medium,unknown,0.0,0.0,"Kharghuli Hills, Assam","Kharghuli Hills, Assam"
6143,2014-07-14 18:00:00,2014,7,195,India,IN,Mizoram,Mizoram,True,23.7327,92.7463,landslide,downpour,medium,unknown,1.0,2.0,"Zembabawk, Aizawl","Zembabawk, Aizawl"
6513,2014-08-14 23:00:00,2014,8,226,India,IN,Tripura,Tripura,True,23.0137,91.7174,mudslide,downpour,medium,unknown,3.0,0.0,Sabroom,Sabroom
6200,2014-08-17 00:00:00,2014,8,229,India,IN,Arunachal Pradesh,Arunachal Pradesh,True,27.0869,93.6086,landslide,downpour,large,unknown,0.0,0.0,Arunachal Pradesh/Itanagar,Arunachal Pradesh/Itanagar
6331,2014-09-08 00:00:00,2014,9,251,India,IN,Nagaland,Nagaland,True,25.9466,94.6279,mudslide,unknown,medium,unknown,0.0,0.0,Kiphire-Seyochung road near Yangzitong village,Kiphire-Seyochung road near Yangzitong village
6291,2014-09-21 00:00:00,2014,9,264,India,IN,Meghalaya,Meghalaya,True,25.7354,90.3852,landslide,continuous_rain,large,unknown,0.0,0.0,National Highway 51,National Highway 51
6282,2014-09-22 00:00:00,2014,9,265,India,IN,Assam,Assam,True,26.1097,91.7747,landslide,rain,small,urban,1.0,0.0,Lalmati,Lalmati
6283,2014-09-22 00:00:00,2014,9,265,India,IN,Assam,Assam,True,26.1314,91.7548,landslide,rain,small,unknown,0.0,0.0,Dakhingaon,Dakhingaon
6288,2014-09-22 00:00:00,2014,9,265,India,IN,Assam,Assam,True,26.1985,91.7998,landslide,rain,small,unknown,0.0,0.0,Noonmati,Noonmati
6287,2014-09-22 00:00:00,2014,9,265,India,IN,Assam,Assam,True,26.1295,91.7056,landslide,rain,small,unknown,0.0,0.0,Dhirenpara,Dhirenpara
6289,2014-09-22 00:00:00,2014,9,265,India,IN,Assam,Assam,True,26.1001,91.6849,landslide,rain,small,unknown,0.0,0.0,Pamohi,Pamohi
6284,2014-09-22 00:00:00,2014,9,265,India,IN,Assam,Assam,True,26.1324,91.8342,landslide,rain,small,unknown,0.0,1.0,Batahghuli,Batahghuli
6286,2014-09-22 00:00:00,2014,9,265,India,IN,Assam,Assam,True,26.1044,91.7082,landslide,rain,small,unknown,0.0,0.0,Garchuk,Garchuk
6285,2014-09-22 00:00:00,2014,9,265,India,IN,Assam,Assam,True,26.159,91.8178,landslide,rain,small,above_road,0.0,0.0,VIP Road,VIP Road
6292,2014-09-23 00:00:00,2014,9,266,India,IN,Assam,Assam,True,25.7238,89.9032,landslide,continuous_rain,small,unknown,1.0,0.0,Hatsingimari,Hatsingimari
6290,2014-09-23 03:00:00,2014,9,266,India,IN,Meghalaya,Meghalaya,True,25.5772,91.8666,landslide,continuous_rain,small,urban,8.0,1.0,Mawbah under Mawprem area,Mawbah under Mawprem area
6213,2014-09-24 00:00:00,2014,9,267,India,IN,Meghalaya,Meghalaya,True,25.8143,90.5763,landslide,continuous_rain,large,unknown,0.0,0.0,Meghalaya,Meghalaya
6222,2014-10-01 11:00:00,2014,10,274,India,IN,Arunachal Pradesh,Arunachal Pradesh,True,27.1249,93.7706,landslide,unknown,small,above_road,5.0,0.0,Karsingsa block point,Karsingsa block point
6214,2014-10-05 17:45:00,2014,10,278,India,IN,Meghalaya,Meghalaya,True,25.9702,91.8587,landslide,rain,medium,above_road,1.0,0.0,Jorabat-Umiam route,Jorabat-Umiam route
6293,2014-10-20 00:00:00,2014,10,293,India,IN,Meghalaya,Meghalaya,True,25.5006,90.0896,landslide,rain,medium,unknown,6.0,0.0,South West Garo Hills,South West Garo Hills
6775,2015-02-14 00:00:00,2015,2,45,India,IN,Assam,Assam,True,26.1468,91.6469,landslide,mining,small,mine,1.0,2.0,Kailashpur hill,Kailashpur hill
6786,2015-02-19 23:00:00,2015,2,50,India,IN,Assam,Assam,True,24.6108,92.562,landslide,mining,medium,mine,2.0,1.0,"Hailākāndi : Two labourers died while another was injured in a landslide in Assam's Hailakandi district, the police said today.",
7591,2015-03-19 00:00:00,2015,3,78,India,IN,Assam,Assam,True,25.0318,92.4584,landslide,rain,small,unknown,0.0,0.0,Ratacherra,Ratacherra
7031,2015-05-24 00:00:00,2015,5,144,India,IN,Sikkim,Sikkim,True,27.6163,88.6586,landslide,unknown,medium,above_road,0.0,0.0,"Bop, Sikkim","Bop, Sikkim"
6971,2015-06-09 00:00:00,2015,6,160,India,IN,Arunachal Pradesh,Arunachal Pradesh,True,27.0987,93.816,landslide,continuous_rain,medium,above_road,2.0,2.0,"Itanagar, Arunachal Pradesh","Itanagar, Arunachal Pradesh"
6968,2015-06-13 00:00:00,2015,6,164,India,IN,Meghalaya,Meghalaya,True,25.463,92.2121,landslide,continuous_rain,medium,unknown,4.0,2.0,"Ratacherra village along the NH-44 connecting to Barak Valley in Assam and Tripura, Meghalaya, Mizoramon","Ratacherra village along the NH-44 connecting to Barak Valley in Assam and Tripura, Meghalaya, Mizoramon"
6970,2015-06-16 00:00:00,2015,6,167,India,IN,Meghalaya,Meghalaya,True,25.5084,90.2191,rock_fall,downpour,small,above_road,1.0,0.0,Akonggre,Akonggre
6969,2015-06-16 06:15:00,2015,6,167,India,IN,Meghalaya,Meghalaya,True,25.5114,90.215,landslide,downpour,medium,urban,4.0,0.0,"Nakham Bazaar, Tura, Meghalaya","Nakham Bazaar, Tura, Meghalaya"
6945,2015-06-19 00:00:00,2015,6,170,India,IN,Manipur,Manipur,True,25.16,93.686,landslide,monsoon,medium,above_road,0.0,0.0,"amei to Kangpokpi via Imphal road, 0.5 km from Tamei, Tamenglang District","amei to Kangpokpi via Imphal road, 0.5 km from Tamei, Tamenglang District"
6963,2015-06-19 00:00:00,2015,6,170,India,IN,Mizoram,Mizoram,True,23.7131,92.7362,landslide,rain,medium,natural_slope,0.0,0.0,"Muanna locality, Mizoram","Muanna locality, Mizoram"
6990,2015-06-24 00:00:00,2015,6,175,India,IN,Nagaland,Nagaland,True,26.0319,94.5466,landslide,continuous_rain,medium,above_road,0.0,0.0,"New Land (""""New Colony"""")","New Land (""""New Colony"""")"
7138,2015-07-07 00:00:00,2015,7,188,India,IN,Sikkim,Sikkim,True,27.0816,88.4397,landslide,continuous_rain,small,above_road,0.0,0.0,"NH-10, Sepi Jhora, Kalimpong","NH-10, Sepi Jhora, Kalimpong"
7214,2015-07-15 08:00:00,2015,7,196,India,IN,Arunachal Pradesh,Arunachal Pradesh,True,27.36,93.0385,landslide,monsoon,medium,urban,3.0,0.0,Type-IV Colony of Seppa in East Kameng,Type-IV Colony of Seppa in East Kameng
7266,2015-07-22 00:00:00,2015,7,203,India,IN,Manipur,Manipur,True,25.5098,93.8794,landslide,continuous_rain,medium,above_road,0.0,0.0,Yangkhullen-Tamphung road till Nagaland border,Yangkhullen-Tamphung road till Nagaland border
7253,2015-07-22 00:00:00,2015,7,203,India,IN,Assam,Assam,True,24.7979,92.9974,landslide,continuous_rain,medium,urban,5.0,0.0,Lakhipur,Lakhipur
7265,2015-07-22 00:00:00,2015,7,203,India,IN,Manipur,Manipur,True,25.5007,93.9854,landslide,continuous_rain,medium,above_road,0.0,0.0,Willong-Yangkhullen stretch,Willong-Yangkhullen stretch
7264,2015-07-22 00:00:00,2015,7,203,India,IN,Manipur,Manipur,True,25.4538,93.9827,landslide,continuous_rain,medium,above_road,0.0,0.0,22 kms to 30 kms between Sangkungmai and Willong,22 kms to 30 kms between Sangkungmai and Willong
7263,2015-07-22 00:00:00,2015,7,203,India,IN,Manipur,Manipur,True,25.4477,94.0489,landslide,continuous_rain,medium,above_road,0.0,0.0,"15 kms from Maram, National Highway-102/A (Maram Peren road)","15 kms from Maram, National Highway-102/A (Maram Peren road)"
7267,2015-07-22 00:00:00,2015,7,203,India,IN,Manipur,Manipur,True,25.3908,94.0926,landslide,continuous_rain,small,above_road,0.0,0.0,NH-2 between Senapati and Mao,NH-2 between Senapati and Mao
7279,2015-07-24 00:00:00,2015,7,205,India,IN,Manipur,Manipur,True,24.9818,93.5142,mudslide,monsoon,medium,other,0.0,0.0,Tamenglong Ward No-IV,Tamenglong Ward No-IV
7276,2015-07-25 09:00:00,2015,7,206,India,IN,Assam,Assam,True,26.1062,91.8717,landslide,continuous_rain,medium,natural_slope,2.0,0.0,"Dispur : According to report, a huge hillock slipped into the house after heavy rain where Dinesh Bodo along with his wife and daughter lived in. Thi*",
7364,2015-07-31 09:00:00,2015,7,212,India,IN,Manipur,Manipur,True,24.819,94.3551,landslide,continuous_rain,medium,below_road,0.0,0.0,Phungyar road,Phungyar road
7372,2015-07-31 23:00:00,2015,7,212,India,IN,Manipur,Manipur,True,25.0634,94.3415,mudslide,continuous_rain,medium,above_road,0.0,0.0,Naga Gate along the Ukhrul-Imphal route,Naga Gate along the Ukhrul-Imphal route
7383,2015-08-01 00:00:00,2015,8,213,India,IN,Manipur,Manipur,True,23.899,94.1434,landslide,rain,medium,unknown,0.0,0.0,"Tuitung village, Khengjoi","Tuitung village, Khengjoi"
7375,2015-08-01 00:00:00,2015,8,213,India,IN,Manipur,Manipur,True,25.1941,94.4481,landslide,continuous_rain,medium,above_road,0.0,0.0,Ukhrul NH 201-Jessami road,Ukhrul NH 201-Jessami road
7384,2015-08-01 00:00:00,2015,8,213,India,IN,Manipur,Manipur,True,23.9278,94.0906,landslide,rain,medium,unknown,0.0,0.0,"Wayang, Khengjoi","Wayang, Khengjoi"
7910,2015-08-01 00:00:00,2015,8,213,India,IN,Manipur,Manipur,True,24.3481,94.1146,landslide,unknown,medium,above_road,0.0,0.0,Chandel,Chandel
7389,2015-08-01 00:00:00,2015,8,213,India,IN,Manipur,Manipur,True,24.4072,94.0644,landslide,continuous_rain,medium,above_road,0.0,0.0,between Bongyang and Lokchao along the Imphal-Moreh highway,between Bongyang and Lokchao along the Imphal-Moreh highway
7371,2015-08-01 00:00:00,2015,8,213,India,IN,Manipur,Manipur,True,23.9939,94.0573,landslide,continuous_rain,medium,unknown,0.0,0.0,near S Lamphei Lamkhai and Sehlon village,near S Lamphei Lamkhai and Sehlon village
7388,2015-08-01 00:00:00,2015,8,213,India,IN,Manipur,Manipur,True,24.416,94.0984,landslide,continuous_rain,medium,unknown,0.0,0.0,Senam,Senam
7373,2015-08-01 00:00:00,2015,8,213,India,IN,Manipur,Manipur,True,24.9111,94.4759,landslide,continuous_rain,medium,above_road,,,between Maku village and Kamjong sub division,between Maku village and Kamjong sub division
7370,2015-08-01 00:00:00,2015,8,213,India,IN,Manipur,Manipur,True,24.1419,94.1078,landslide,continuous_rain,medium,above_road,0.0,0.0,between Moltuk to New Songjang village,between Moltuk to New Songjang village
7374,2015-08-01 00:00:00,2015,8,213,India,IN,Manipur,Manipur,True,25.1122,94.3591,landslide,continuous_rain,medium,below_road,0.0,0.0,Ukhrul town Circular road from Rayotang to Viewland Zone II,Ukhrul town Circular road from Rayotang to Viewland Zone II
7390,2015-08-01 00:00:00,2015,8,213,India,IN,Manipur,Manipur,True,24.4265,94.1913,landslide,continuous_rain,medium,above_road,0.0,0.0,between Tengnoupal-Sita junction and Tengnoupal Power Sub-Station,between Tengnoupal-Sita junction and Tengnoupal Power Sub-Station
7387,2015-08-01 00:00:00,2015,8,213,India,IN,Manipur,Manipur,True,24.954,94.2156,landslide,continuous_rain,small,below_road,0.0,0.0,Imphal-Ukhrul road,Imphal-Ukhrul road
7385,2015-08-01 00:00:00,2015,8,213,India,IN,Manipur,Manipur,True,24.004,93.9815,landslide,continuous_rain,medium,unknown,0.0,0.0,"Holenjang, Chandel district","Holenjang, Chandel district"
7369,2015-08-01 00:00:00,2015,8,213,India,IN,Manipur,Manipur,True,24.1988,94.1016,landslide,continuous_rain,medium,above_road,0.0,0.0,between Chalong and Paraolon,between Chalong and Paraolon
7409,2015-08-02 00:00:00,2015,8,214,India,IN,Nagaland,Nagaland,True,25.72,94.6219,landslide,continuous_rain,medium,unknown,0.0,0.0,Meluri Sub-Division in Phek District of Nagaland,Meluri Sub-Division in Phek District of Nagaland
7665,2015-08-11 00:00:00,2015,8,223,India,IN,Manipur,Manipur,True,24.7016,93.5291,landslide,continuous_rain,medium,unknown,0.0,0.0,Khoupum,Khoupum
7666,2015-08-11 00:00:00,2015,8,223,India,IN,Manipur,Manipur,True,25.1019,93.3729,landslide,continuous_rain,medium,unknown,0.0,0.0,Tousem,Tousem
7664,2015-08-11 00:00:00,2015,8,223,India,IN,Manipur,Manipur,True,24.7459,93.4251,landslide,continuous_rain,medium,unknown,0.0,0.0,Nungba,Nungba
7660,2015-08-12 00:00:00,2015,8,224,India,IN,Nagaland,Nagaland,True,25.6237,94.1136,mudslide,continuous_rain,medium,below_road,0.0,0.0,Phesama village,Phesama village
7887,2015-08-16 00:00:00,2015,8,228,India,IN,Arunachal Pradesh,Arunachal Pradesh,True,27.8835,96.9262,landslide,continuous_rain,medium,above_road,0.0,0.0,Hawai,Hawai
7334,2015-08-18 00:00:00,2015,8,230,India,IN,Arunachal Pradesh,Arunachal Pradesh,True,28.1737,94.7596,landslide,unknown,medium,unknown,1.0,0.0,Arunachal Pradesh,Arunachal Pradesh
7335,2015-08-18 09:00:00,2015,8,230,India,IN,Meghalaya,Meghalaya,True,25.5145,90.2023,landslide,continuous_rain,medium,urban,0.0,0.0,Tura Civil Hospital,Tura Civil Hospital
7589,2015-08-19 00:00:00,2015,8,231,India,IN,Meghalaya,Meghalaya,True,25.2568,92.3825,landslide,rain,medium,above_road,0.0,0.0,National Highway 44,National Highway 44
7706,2015-08-19 00:00:00,2015,8,231,India,IN,Meghalaya,Meghalaya,True,25.0728,92.3636,landslide,rain,medium,above_road,0.0,0.0,National Highway at Kuliang,National Highway at Kuliang
7699,2015-08-19 00:00:00,2015,8,231,India,IN,Nagaland,Nagaland,True,26.0214,94.5224,landslide,continuous_rain,medium,unknown,0.0,0.0,Zunheboto district,Zunheboto district
7590,2015-08-19 00:00:00,2015,8,231,India,IN,Meghalaya,Meghalaya,True,25.1416,92.3807,landslide,rain,small,unknown,0.0,0.0,Tongseng,Tongseng
7336,2015-08-19 09:00:00,2015,8,231,India,IN,Meghalaya,Meghalaya,True,25.2193,90.5549,landslide,continuous_rain,medium,above_road,0.0,0.0,NH-62 at Sibbari,NH-62 at Sibbari
7701,2015-08-19 15:00:00,2015,8,231,India,IN,Nagaland,Nagaland,True,25.6278,94.1051,landslide,continuous_rain,medium,above_road,0.0,0.0,Phesama,Phesama
7727,2015-08-20 18:00:00,2015,8,232,India,IN,Nagaland,Nagaland,True,25.6263,94.1057,landslide,continuous_rain,medium,below_road,0.0,0.0,between Phesama and Kuima in Nagaland,between Phesama and Kuima in Nagaland
7728,2015-08-22 09:00:00,2015,8,234,India,IN,Assam,Assam,True,26.1028,91.8806,landslide,continuous_rain,medium,above_road,0.0,0.0,Natonal Highway in Jorabat area,Natonal Highway in Jorabat area
7778,2015-08-26 00:00:00,2015,8,238,India,IN,Mizoram,Mizoram,True,23.8447,93.0514,mudslide,continuous_rain,medium,above_road,0.0,0.0,Phullen’s main road,Phullen’s main road
7780,2015-08-26 00:00:00,2015,8,238,India,IN,Mizoram,Mizoram,True,23.3572,92.7878,landslide,continuous_rain,medium,above_road,1.0,0.0,Sailam village,Sailam village
7836,2015-08-27 00:00:00,2015,8,239,India,IN,Mizoram,Mizoram,True,24.042,92.6724,landslide,downpour,medium,above_road,0.0,0.0,"National Highway 54, at Kawnpui town","National Highway 54, at Kawnpui town"
7837,2015-08-27 00:00:00,2015,8,239,India,IN,Mizoram,Mizoram,True,23.7269,92.7265,landslide,downpour,medium,urban,0.0,0.0,three graveyards within Aizawl,three graveyards within Aizawl
7972,2015-08-28 01:45:00,2015,8,240,India,IN,Mizoram,Mizoram,True,23.4495,92.8112,landslide,downpour,large,unknown,0.0,0.0,"Mizoram, India","Mizoram, India"
7923,2015-09-01 00:00:00,2015,9,244,India,IN,Assam,Assam,True,26.49349035,91.72137514,landslide,rain,medium,unknown,2.0,0.0,Amingaon,Amingaon
7933,2015-09-01 00:00:00,2015,9,244,India,IN,Assam,Assam,True,26.1868,91.6739,rock_fall,rain,medium,unknown,2.0,0.0,Maligaon,Maligaon
7956,2015-09-05 00:00:00,2015,9,248,India,IN,Meghalaya,Meghalaya,True,26.048,91.8695,landslide,unknown,medium,above_road,0.0,0.0,Byrnihat,Byrnihat
8012,2015-09-06 15:00:00,2015,9,249,India,IN,Meghalaya,Meghalaya,True,25.9703,91.8584,landslide,unknown,medium,above_road,0.0,0.0,"Umling, Meghalaya 793102, India","Umling, Meghalaya 793102, India"
8224,2015-09-14 01:30:00,2015,9,257,India,IN,Mizoram,Mizoram,True,23.7313,92.7187,landslide,downpour,medium,above_road,0.0,0.0,"Aizawl, Mizoram, India","Aizawl, Mizoram, India"
8223,2015-09-14 03:10:00,2015,9,257,India,IN,Mizoram,Mizoram,True,23.7348,92.7187,landslide,downpour,large,above_road,0.0,0.0,"Aizawl, Mizoram, India","Aizawl, Mizoram, India"
8339,2015-09-23 00:00:00,2015,9,266,India,IN,Assam,Assam,True,26.1666,91.7042,landslide,continuous_rain,medium,above_road,0.0,0.0,Kamakhya Temple,Kamakhya Temple
8366,2015-09-23 15:00:00,2015,9,266,India,IN,Meghalaya,Meghalaya,True,25.583,91.893,landslide,downpour,medium,natural_slope,2.0,1.0,"Shillong, Meghalaya, India","Shillong, Meghalaya, India"
9405,2016-04-19 00:00:00,2016,4,110,India,IN,Nagaland,Nagaland,True,26.7223,95.0243,landslide,continuous_rain,medium,unknown,0.0,0.0,"Techahan Ward, Mon, Nagaland, India","Techahan Ward, Mon, Nagaland, India"
7655,2016-04-22 02:30:00,2016,4,113,India,IN,Arunachal Pradesh,Arunachal Pradesh,True,27.5799,91.8569,landslide,continuous_rain,medium,above_road,17.0,0.0,"Tawang, Arunachal Pradesh","Tawang, Arunachal Pradesh"
9404,2016-05-01 00:00:00,2016,5,122,India,IN,Arunachal Pradesh,Arunachal Pradesh,True,28.0822,96.5316,landslide,downpour,medium,above_road,0.0,0.0,"Hayuliang, Anjaw district,Arunachal Pradesh, India","Hayuliang, Anjaw district,Arunachal Pradesh, India"
9336,2016-05-18 08:00:00,2016,5,139,India,IN,Assam,Assam,True,24.5308,92.5121,landslide,continuous_rain,small,unknown,1.0,0.0,"Ramchandi , Hailakandi District, Assam, India","Ramchandi , Hailakandi District, Assam, India"
9338,2016-05-18 08:00:00,2016,5,139,India,IN,Assam,Assam,True,24.4638,92.4943,landslide,continuous_rain,medium,natural_slope,5.0,0.0,"Sonachirra, Karimganj district, Assam, India","Sonachirra, Karimganj district, Assam, India"
9334,2016-05-18 08:00:00,2016,5,139,India,IN,Assam,Assam,True,24.5204,92.7264,landslide,continuous_rain,unknown,unknown,2.0,0.0,"Bilaipur, Hailakandi district, Assam, India","Bilaipur, Hailakandi district, Assam, India"
9335,2016-05-18 08:00:00,2016,5,139,India,IN,Assam,Assam,True,24.5202,92.7239,landslide,continuous_rain,unknown,unknown,2.0,0.0,"Bilaipur, Hailakandi district, Assam, India","Bilaipur, Hailakandi district, Assam, India"
9169,2016-06-12 00:00:00,2016,6,164,India,IN,Nagaland,Nagaland,True,26.1677,94.2442,landslide,continuous_rain,unknown,above_road,0.0,0.0,"on road between Mon and Tobu near Telangsao Hydro project , Nagaland, India","on road between Mon and Tobu near Telangsao Hydro project , Nagaland, India"
9168,2016-06-12 23:00:00,2016,6,164,India,IN,Arunachal Pradesh,Arunachal Pradesh,True,27.6438,93.871,landslide,downpour,medium,above_road,0.0,0.0,"NH 13 10 kilometers from Old Ziro, Arunachal Pradesh, India","NH 13 10 kilometers from Old Ziro, Arunachal Pradesh, India"
9142,2016-06-14 08:00:00,2016,6,166,India,IN,Nagaland,Nagaland,True,26.3185,94.5247,landslide,continuous_rain,medium,retaining_wall,0.0,0.0,"lower Majakong Ward, Mokokchung, Nagaland, India","lower Majakong Ward, Mokokchung, Nagaland, India"
8222,2016-06-22 12:00:00,2016,6,174,India,IN,Assam,Assam,True,26.1961,91.7825,mudslide,downpour,medium,natural_slope,1.0,0.0,"Piyali Phukan Nagar, Guwahati, India","Piyali Phukan Nagar, Guwahati, India"
8237,2016-07-01 00:00:00,2016,7,183,India,IN,Arunachal Pradesh,Arunachal Pradesh,True,27.0136,92.6351,landslide,downpour,large,unknown,5.0,3.0,"Old Inspection Bungalow, Bhalukpong town, West Kameng, Arunachal Pradesh, India","Old Inspection Bungalow, Bhalukpong town, West Kameng, Arunachal Pradesh, India"
8684,2016-07-07 00:00:00,2016,7,189,India,IN,Assam,Assam,True,25.9611,91.3681,landslide,continuous_rain,medium,retaining_wall,2.0,2.0,"Kamrup district, Assam, India","Kamrup district, Assam, India"
8900,2016-07-07 00:00:00,2016,7,189,India,IN,Manipur,Manipur,True,25.0118,94.3136,landslide,monsoon,large,above_road,0.0,0.0,"Imphal-Ukhrul sector of National Highway 102, Manipur, India","Imphal-Ukhrul sector of National Highway 102, Manipur, India"
8901,2016-07-10 00:00:00,2016,7,192,India,IN,Nagaland,Nagaland,True,25.7902,94.1318,landslide,downpour,medium,above_road,0.0,0.0,"National Highway 2, near Kohima, Nagaland, India","National Highway 2, near Kohima, Nagaland, India"
8930,2016-07-11 23:00:00,2016,7,193,India,IN,Nagaland,Nagaland,True,26.1699,94.4922,landslide,unknown,large,unknown,0.0,0.0,"North Point Colony, Akuluto, Nagaland, India","North Point Colony, Akuluto, Nagaland, India"
8996,2016-07-14 00:00:00,2016,7,196,India,IN,Assam,Assam,True,26.1768,91.7702,landslide,monsoon,small,natural_slope,1.0,0.0,"Pub Sarania hill, South Sarania, Guwahati, Assam, India","Pub Sarania hill, South Sarania, Guwahati, Assam, India"
8995,2016-07-14 00:00:00,2016,7,196,India,IN,Assam,Assam,True,26.1963,91.8074,landslide,monsoon,small,unknown,1.0,0.0,"Noonmati Nijarapar area of the city, Guwahati, Assam, India","Noonmati Nijarapar area of the city, Guwahati, Assam, India"
9010,2016-07-16 00:00:00,2016,7,198,India,IN,Arunachal Pradesh,Arunachal Pradesh,True,27.3034,93.804,mudslide,downpour,medium,above_road,1.0,0.0,"Hoj-Potin Highway, Arunachal Pradesh, India","Hoj-Potin Highway, Arunachal Pradesh, India"
9124,2016-07-19 00:00:00,2016,7,201,India,IN,Meghalaya,Meghalaya,True,25.203,90.5573,translational_slide,continuous_rain,large,natural_slope,0.0,0.0,"Rongthragittim Songittal village, near Sibbari, South Garo Hills District, Meghalaya, India","Rongthragittim Songittal village, near Sibbari, South Garo Hills District, Meghalaya, India"
9087,2016-07-19 00:00:00,2016,7,201,India,IN,Arunachal Pradesh,Arunachal Pradesh,True,28.235,94.9612,landslide,downpour,medium,above_road,0.0,0.0,"5 km off Sangam point on Aalo- Pangin road, Arunachal Pradesh, India","5 km off Sangam point on Aalo- Pangin road, Arunachal Pradesh, India"
9051,2016-07-19 09:00:00,2016,7,201,India,IN,Meghalaya,Meghalaya,True,26.09748244,91.8744337,landslide,unknown,medium,natural_slope,0.0,1.0,"12th Mile area at Jorabat, Meghalaya, India","12th Mile area at Jorabat, Meghalaya, India"
9122,2016-07-20 00:00:00,2016,7,202,India,IN,Assam,Assam,True,26.1966,91.802,landslide,rain,medium,unknown,0.0,0.0,"Noonmati, Guwahati, Assam, India","Noonmati, Guwahati, Assam, India"
9186,2016-07-25 12:30:00,2016,7,207,India,IN,Manipur,Manipur,True,25.48,94.1383,landslide,continuous_rain,medium,above_road,0.0,1.0,"Imphal-Dimapur road  in Tadubi, Senapati district, Manipur, India","Imphal-Dimapur road  in Tadubi, Senapati district, Manipur, India"
9219,2016-07-26 23:00:00,2016,7,208,India,IN,Nagaland,Nagaland,True,26.0101,94.5282,landslide,downpour,medium,retaining_wall,0.0,0.0,"Zunheboto, Nagaland, India","Zunheboto, Nagaland, India"
9252,2016-07-28 00:00:00,2016,7,210,India,IN,Arunachal Pradesh,Arunachal Pradesh,True,27.5748,91.8644,landslide,monsoon,medium,unknown,0.0,0.0,"Dolma Lhakang complex, Lumla, Tawang,  Arunachal Pradesh, India","Dolma Lhakang complex, Lumla, Tawang,  Arunachal Pradesh, India"
9251,2016-07-28 23:00:00,2016,7,210,India,IN,Nagaland,Nagaland,True,25.8702,94.7844,landslide,downpour,medium,retaining_wall,0.0,0.0,"Government Middle School (GMS) Kiphire station “B”, Kiphire, Nagaland, India","Government Middle School (GMS) Kiphire station “B”, Kiphire, Nagaland, India"
9232,2016-07-28 23:00:00,2016,7,210,India,IN,Mizoram,Mizoram,True,23.5397,93.3783,landslide,continuous_rain,medium,unknown,2.0,6.0,"Ngur, near Mizoram-Myanmar border, India","Ngur, near Mizoram-Myanmar border, India"
9464,2016-08-05 00:00:00,2016,8,218,India,IN,Arunachal Pradesh,Arunachal Pradesh,True,27.5754,91.9754,landslide,downpour,medium,unknown,0.0,3.0,Babrang village under Jang circle in Tawang district,Babrang village under Jang circle in Tawang district
9604,2016-10-12 00:00:00,2016,10,286,India,IN,Sikkim,Sikkim,True,27.2676,88.2891,landslide,continuous_rain,medium,above_road,0.0,0.0,Legship,Legship
9620,2016-10-15 00:00:00,2016,10,289,India,IN,Sikkim,Sikkim,True,27.172,88.5292,landslide,downpour,medium,above_road,0.0,0.0,Rangpo,Rangpo
9619,2016-10-15 00:00:00,2016,10,289,India,IN,Sikkim,Sikkim,True,27.1695,88.3664,landslide,rain,medium,above_road,0.0,0.0,Namchi,Namchi
