sample_id,target,sample_type,event_date,latitude,longitude,state,is_ner,month,year,rain_1d,rain_3d,rain_7d,precip_1d,precip_3d,precip_7d,precip_hours_1d,precip_hours_3d,precip_hours_7d,temp_mean,temp_max,temp_min,wind_max
POS_00005,1,landslide_event,2007-05-08,33.242,75.231,Jammu and Kashmir,False,5,2007,1.5,1.5,6.3999999999999995,1.5,1.5,6.3999999999999995,4.0,4.0,15.0,18.0,23.5,11.0,8.7
CTRL_00006,0,matched_control,2007-05-29,33.242,75.231,Jammu and Kashmir,False,5,2007,4.5,15.0,21.400000000000002,4.5,15.0,21.400000000000002,6.0,19.0,30.0,17.1,22.0,10.1,7.4
CTRL_00012,0,matched_control,2007-06-04,14.4702,78.8205,Andhra Pradesh,False,6,2007,2.5,3.5999999999999996,4.699999999999999,2.5,3.5999999999999996,4.699999999999999,2.0,4.0,6.0,32.7,39.2,28.0,13.6
CTRL_00022,0,matched_control,2007-06-04,16.9648,73.5189,Maharashtra,False,6,2007,3.9,15.000000000000002,37.2,3.9,15.000000000000002,37.2,4.0,20.0,45.0,29.5,33.4,25.9,17.3
POS_00010,1,landslide_event,2007-06-15,26.8096,88.526,West Bengal,False,6,2007,49.9,110.0,365.7,49.9,110.0,365.7,24.0,67.0,130.0,25.6,27.0,23.8,7.6
POS_00011,1,landslide_event,2007-06-25,14.4702,78.8205,Andhra Pradesh,False,6,2007,0.2,12.0,93.1,0.2,12.0,93.1,1.0,28.0,81.0,29.5,33.2,25.1,27.1
POS_00021,1,landslide_event,2007-06-25,16.9648,73.5189,Maharashtra,False,6,2007,40.3,248.89999999999998,458.1,40.3,248.89999999999998,458.1,24.0,72.0,166.0,26.3,28.3,24.6,20.9
POS_00027,1,landslide_event,2007-07-02,33.2443135,75.22742083,Jammu and Kashmir,False,7,2007,4.9,13.8,56.000000000000014,4.9,13.8,56.000000000000014,11.0,32.0,78.0,21.0,24.7,17.3,7.1
CTRL_00036,0,matched_control,2007-07-06,25.5212,90.232,Meghalaya,True,7,2007,2.8,6.6000000000000005,30.8,2.8,6.6000000000000005,30.8,3.0,8.0,51.0,27.9,30.4,26.1,21.5
CTRL_00048,0,matched_control,2007-07-09,22.479,92.967,Mizoram,True,7,2007,5.2,22.3,147.2,5.2,22.3,147.2,10.0,32.0,107.0,22.7,26.7,20.0,7.7
POS_00030,1,landslide_event,2007-07-19,26.1699,91.7986,Assam,True,7,2007,8.2,36.9,162.8,8.2,36.9,162.8,19.0,47.0,123.0,28.2,30.4,26.8,13.6
CTRL_00028,0,matched_control,2007-07-23,33.2443135,75.22742083,Jammu and Kashmir,False,7,2007,1.8,14.7,26.1,1.8,14.7,26.1,7.0,30.0,50.0,21.2,24.6,18.3,6.6
POS_00035,1,landslide_event,2007-07-27,25.5212,90.232,Meghalaya,True,7,2007,62.9,175.3,254.6,62.9,175.3,254.6,24.0,72.0,152.0,25.3,27.5,23.9,14.2
POS_00047,1,landslide_event,2007-07-30,22.479,92.967,Mizoram,True,7,2007,0.8,4.3,43.1,0.8,4.3,43.1,4.0,21.0,96.0,22.3,25.9,19.2,6.5
POS_00051,1,landslide_event,2007-08-06,33.2451,75.2257,Jammu and Kashmir,False,8,2007,6.7,10.0,18.099999999999998,6.7,10.0,18.099999999999998,7.0,20.0,49.0,19.1,21.0,17.1,5.8
CTRL_00052,0,matched_control,2007-08-27,33.2451,75.2257,Jammu and Kashmir,False,8,2007,0.0,5.199999999999999,20.599999999999994,0.0,5.199999999999999,20.599999999999994,0.0,15.0,48.0,20.0,25.4,14.8,6.6
POS_00088,1,landslide_event,2007-09-07,27.201,88.4883,Unknown,False,9,2007,107.8,239.2,372.3,107.8,239.2,372.3,24.0,70.0,142.0,21.6,22.4,20.5,4.8
POS_00103,1,landslide_event,2007-09-13,26.1833,91.8,Assam,True,9,2007,17.7,22.0,123.8,17.7,22.0,123.8,13.0,28.0,112.0,28.5,32.2,25.8,7.3
CTRL_00089,0,matched_control,2007-09-28,27.201,88.4883,Unknown,False,9,2007,5.8,13.0,25.7,5.8,13.0,25.7,12.0,29.0,66.0,15.7,19.9,13.1,4.5
CTRL_00114,0,matched_control,2007-10-04,11.7792,78.2034,Tamil Nadu,False,10,2007,0.2,0.5,7.400000000000001,0.2,0.5,7.400000000000001,2.0,4.0,18.0,22.3,26.6,18.1,11.9
POS_00113,1,landslide_event,2007-10-25,11.7792,78.2034,Tamil Nadu,False,10,2007,2.5,43.1,132.5,2.5,43.1,132.5,7.0,41.0,117.0,19.1,23.2,16.9,12.9
POS_00120,1,landslide_event,2008-01-06,33.1517,75.5464,Jammu and Kashmir,False,1,2008,0.7,1.0,1.0,14.0,29.3,29.3,13.0,37.0,37.0,-1.2,0.6,-4.1,6.9
POS_00124,1,landslide_event,2008-01-09,33.23738085,75.24528226,Jammu and Kashmir,False,1,2008,17.3,43.6,48.1,55.4,97.6,116.89999999999999,24.0,64.0,98.0,0.5,1.9,-0.8,5.9
CTRL_00121,0,matched_control,2008-01-27,33.1517,75.5464,Jammu and Kashmir,False,1,2008,0.0,0.0,0.0,0.0,3.5,4.5,0.0,17.0,24.0,-10.2,-4.1,-17.0,7.9
CTRL_00125,0,matched_control,2008-01-30,33.23738085,75.24528226,Jammu and Kashmir,False,1,2008,0.0,0.2,0.4,0.0,0.7,2.3,0.0,5.0,15.0,-5.3,1.6,-11.0,6.4
POS_00132,1,landslide_event,2008-02-13,33.2418,75.242,Jammu and Kashmir,False,2,2008,0.0,0.0,1.5,0.0,0.0,24.299999999999997,0.0,0.0,26.0,-2.8,5.0,-11.3,8.4
POS_00140,1,landslide_event,2008-05-05,33.9513,74.9845,Jammu and Kashmir,False,5,2008,14.2,22.2,22.2,14.2,22.2,22.2,14.0,31.0,31.0,14.2,17.7,9.2,6.5
POS_00142,1,landslide_event,2008-05-18,19.5178,83.1809,Orissa,False,5,2008,0.0,0.0,0.0,0.0,0.0,0.0,0.0,0.0,0.0,32.2,38.2,25.1,15.8
POS_00143,1,landslide_event,2008-05-20,24.9849,92.8411,Assam,True,5,2008,26.2,69.0,87.89999999999999,26.2,69.0,87.89999999999999,16.0,60.0,90.0,23.9,27.8,20.6,7.8
CTRL_00141,0,matched_control,2008-05-26,33.9513,74.9845,Jammu and Kashmir,False,5,2008,16.6,45.800000000000004,51.6,16.6,45.800000000000004,51.6,24.0,61.0,75.0,16.9,21.2,12.6,4.3
POS_00146,1,landslide_event,2008-06-03,31.2077,77.193,Himachal Pradesh,False,6,2008,10.2,23.7,33.300000000000004,10.2,23.7,33.300000000000004,6.0,20.0,30.0,23.7,29.3,17.9,9.0
CTRL_00147,0,matched_control,2008-06-24,31.2077,77.193,Himachal Pradesh,False,6,2008,3.8,7.8,66.5,3.8,7.8,66.5,6.0,19.0,81.0,25.2,27.9,21.1,8.0
POS_00178,1,landslide_event,2008-08-12,14.229,74.8122,Karnataka,False,8,2008,58.1,221.2,399.2,58.1,221.2,399.2,24.0,72.0,167.0,22.2,23.5,21.3,20.0
POS_00179,1,landslide_event,2008-08-12,13.986,75.452,Karnataka,False,8,2008,11.0,79.0,140.0,11.0,79.0,140.0,20.0,68.0,142.0,22.6,25.2,21.4,24.9
POS_00180,1,landslide_event,2008-08-14,27.163,94.0,Assam,True,8,2008,13.5,31.700000000000003,149.50000000000003,13.5,31.700000000000003,149.50000000000003,24.0,63.0,126.0,27.9,29.9,26.2,4.4
POS_00204,1,landslide_event,2008-12-20,33.245,75.247,Jammu and Kashmir,False,12,2008,36.7,54.9,57.5,44.3,63.699999999999996,66.8,24.0,46.0,57.0,5.5,6.7,4.3,5.8
POS_00215,1,landslide_event,2009-07-01,27.478,88.527,Unknown,False,7,2009,37.7,104.50000000000001,236.4,37.7,104.50000000000001,236.4,24.0,70.0,166.0,21.6,22.7,20.1,4.7
CTRL_00216,0,matched_control,2009-07-22,27.478,88.527,Unknown,False,7,2009,42.8,95.1,157.9,42.8,95.1,157.9,23.0,52.0,120.0,22.1,25.7,19.0,5.2
POS_00238,1,landslide_event,2009-08-20,25.5215,93.1645,Assam,True,8,2009,2.4,9.6,90.3,2.4,9.6,90.3,14.0,41.0,72.0,26.9,29.3,25.5,14.7
POS_00237,1,landslide_event,2009-08-20,24.9925,93.5,Assam,True,8,2009,10.2,24.9,88.30000000000001,10.2,24.9,88.30000000000001,24.0,60.0,129.0,20.9,23.0,19.7,6.6
POS_00269,1,landslide_event,2009-10-02,14.7812,74.499,Karnataka,False,10,2009,31.8,139.3,182.9,31.8,139.3,182.9,24.0,72.0,116.0,21.3,22.2,20.5,13.5
POS_00275,1,landslide_event,2009-10-03,11.4816,75.9957,Kerala,False,10,2009,46.3,98.4,114.80000000000001,46.3,98.4,114.80000000000001,24.0,67.0,119.0,25.5,27.2,24.0,11.8
CTRL_00270,0,matched_control,2009-10-23,14.7812,74.499,Karnataka,False,10,2009,0.0,0.0,3.0,0.0,0.0,3.0,0.0,0.0,6.0,24.1,30.3,19.3,8.3
CTRL_00276,0,matched_control,2009-10-24,11.4816,75.9957,Kerala,False,10,2009,0.3,1.5999999999999999,4.8,0.3,1.5999999999999999,4.8,1.0,8.0,15.0,26.8,31.1,23.6,5.3
POS_00286,1,landslide_event,2010-02-06,33.1595,75.8011,Jammu and Kashmir,False,2,2010,1.7,1.7,1.7,20.5,37.3,37.3,19.0,36.0,36.0,6.6,8.7,4.9,4.1
CTRL_00287,0,matched_control,2010-02-27,33.1595,75.8011,Jammu and Kashmir,False,2,2010,0.9,5.9,6.1000000000000005,2.0,14.9,15.1,5.0,30.0,32.0,11.5,15.1,7.2,4.7
POS_00296,1,landslide_event,2010-04-01,25.1553,93.028,Assam,True,4,2010,8.2,74.5,141.39999999999998,8.2,74.5,141.39999999999998,17.0,58.0,89.0,21.6,24.5,17.9,14.7
POS_00302,1,landslide_event,2010-04-20,26.1978,91.7665,Assam,True,4,2010,45.7,109.4,187.6,45.7,109.4,187.6,24.0,65.0,124.0,22.6,24.0,21.2,12.0
POS_00303,1,landslide_event,2010-04-20,26.1965,91.763,Assam,True,4,2010,45.7,109.4,187.6,45.7,109.4,187.6,24.0,65.0,124.0,22.6,24.0,21.2,12.0
CTRL_00297,0,matched_control,2010-04-22,25.1553,93.028,Assam,True,4,2010,1.7,120.69999999999999,217.29999999999998,1.7,120.69999999999999,217.29999999999998,7.0,43.0,96.0,25.6,29.7,22.4,17.4
POS_00325,1,landslide_event,2010-06-07,24.7543,93.5039,Manipur,True,6,2010,14.8,25.700000000000003,54.50000000000001,14.8,25.700000000000003,54.50000000000001,20.0,44.0,105.0,25.5,29.3,23.2,10.1
POS_00336,1,landslide_event,2010-06-15,25.2269,93.1658,Assam,True,6,2010,4.2,23.1,38.10000000000001,4.2,23.1,38.10000000000001,11.0,53.0,87.0,24.3,28.3,22.1,8.0
CTRL_00326,0,matched_control,2010-06-28,24.7543,93.5039,Manipur,True,6,2010,7.1,24.799999999999997,126.10000000000001,7.1,24.799999999999997,126.10000000000001,14.0,37.0,111.0,26.7,29.2,25.0,8.8
CTRL_00409,0,matched_control,2010-07-04,25.0477,92.801,Assam,True,7,2010,6.2,21.0,172.7,6.2,21.0,172.7,12.0,41.0,130.0,25.9,28.2,23.6,6.2
POS_00362,1,landslide_event,2010-07-06,26.2363,94.8133,Nagaland,True,7,2010,3.0,13.3,89.1,3.0,13.3,89.1,16.0,42.0,129.0,18.5,21.2,16.5,8.0
POS_00366,1,landslide_event,2010-07-06,26.0093,94.5238,Nagaland,True,7,2010,3.5,17.5,101.2,3.5,17.5,101.2,14.0,45.0,124.0,19.3,21.9,17.2,6.2
POS_00372,1,landslide_event,2010-07-07,31.5041,77.9521,Himachal Pradesh,False,7,2010,7.9,92.4,107.39999999999999,7.9,92.4,107.39999999999999,10.0,58.0,93.0,9.9,14.9,3.0,6.9
CTRL_00429,0,matched_control,2010-07-08,24.9786,93.5027,Assam,True,7,2010,1.5,13.4,38.9,1.5,13.4,38.9,6.0,47.0,92.0,22.3,25.5,20.2,10.3
CTRL_00435,0,matched_control,2010-07-09,15.9517,73.9958,Maharashtra,False,7,2010,10.3,35.7,141.3,10.3,35.7,141.3,22.0,68.0,163.0,24.1,26.2,22.8,9.2
POS_00408,1,landslide_event,2010-07-25,25.0477,92.801,Assam,True,7,2010,9.9,29.6,73.3,9.9,29.6,73.3,12.0,42.0,136.0,26.6,30.4,23.2,7.7
CTRL_00363,0,matched_control,2010-07-27,26.2363,94.8133,Nagaland,True,7,2010,8.4,57.8,110.99999999999999,8.4,57.8,110.99999999999999,10.0,34.0,96.0,20.0,23.8,16.5,5.4
CTRL_00367,0,matched_control,2010-07-27,26.0093,94.5238,Nagaland,True,7,2010,7.8,24.1,57.900000000000006,7.8,24.1,57.900000000000006,5.0,27.0,76.0,21.0,24.8,16.9,3.6
CTRL_00373,0,matched_control,2010-07-28,31.5041,77.9521,Himachal Pradesh,False,7,2010,6.1,64.5,98.4,6.1,64.5,98.4,11.0,59.0,102.0,11.8,16.8,5.9,6.4
POS_00428,1,landslide_event,2010-07-29,24.9786,93.5027,Assam,True,7,2010,20.7,41.0,82.89999999999999,20.7,41.0,82.89999999999999,10.0,28.0,79.0,21.2,22.3,20.3,5.1
POS_00434,1,landslide_event,2010-07-30,15.9517,73.9958,Maharashtra,False,7,2010,76.3,172.3,500.80000000000007,76.3,172.3,500.80000000000007,24.0,72.0,168.0,22.9,24.0,22.1,16.5
CTRL_00520,0,matched_control,2010-08-05,27.2319,88.497,Unknown,False,8,2010,20.1,57.0,265.20000000000005,20.1,57.0,265.20000000000005,23.0,63.0,152.0,24.0,26.9,21.4,6.1
POS_00456,1,landslide_event,2010-08-06,34.208,77.5101,Jammu and Kashmir,False,8,2010,12.1,17.5,20.8,12.1,17.5,20.8,21.0,33.0,45.0,14.7,18.3,12.1,5.2
CTRL_00528,0,matched_control,2010-08-09,19.2179,73.1694,Maharashtra,False,8,2010,6.5,27.700000000000003,89.9,6.5,27.700000000000003,89.9,13.0,59.0,151.0,26.9,29.7,24.6,18.0
POS_00490,1,landslide_event,2010-08-17,19.1993,73.0109,Maharashtra,False,8,2010,14.6,20.599999999999998,31.400000000000002,14.6,20.599999999999998,31.400000000000002,16.0,39.0,91.0,28.0,30.5,26.2,13.8
POS_00498,1,landslide_event,2010-08-19,26.1984,94.8158,Nagaland,True,8,2010,33.8,60.39999999999999,150.89999999999998,33.8,60.39999999999999,150.89999999999998,24.0,53.0,135.0,19.1,22.4,17.1,5.4
POS_00500,1,landslide_event,2010-08-19,19.1935,73.0114,Maharashtra,False,8,2010,2.6,43.0,55.6,2.6,43.0,55.6,7.0,39.0,94.0,27.1,29.4,25.7,13.1
POS_00507,1,landslide_event,2010-08-21,31.5304,77.7755,Himachal Pradesh,False,8,2010,6.8,39.2,106.2,6.8,39.2,106.2,9.0,37.0,89.0,17.9,21.1,13.2,5.9
POS_00519,1,landslide_event,2010-08-26,27.2319,88.497,Unknown,False,8,2010,25.5,150.39999999999998,428.9,25.5,150.39999999999998,428.9,24.0,64.0,160.0,23.1,26.0,21.1,4.9
CTRL_00457,0,matched_control,2010-08-27,34.208,77.5101,Jammu and Kashmir,False,8,2010,0.0,0.4,14.900000000000002,0.0,0.6000000000000001,16.1,0.0,4.0,54.0,13.4,18.1,7.1,5.4
POS_00527,1,landslide_event,2010-08-30,19.2179,73.1694,Maharashtra,False,8,2010,30.7,138.9,184.1,30.7,138.9,184.1,24.0,65.0,131.0,26.2,27.7,25.0,20.4
CTRL_00603,0,matched_control,2010-09-04,33.241,75.2382,Jammu and Kashmir,False,9,2010,1.5,5.9,13.8,1.5,5.9,13.8,5.0,19.0,50.0,20.9,24.4,17.7,7.7
POS_00566,1,landslide_event,2010-09-17,30.75402442,79.49970189,Uttarakhand,False,9,2010,4.3,5.0,17.0,29.9,31.9,60.89999999999999,17.0,24.0,82.0,2.0,5.8,-1.4,4.9
POS_00569,1,landslide_event,2010-09-18,29.2484,79.5371,Uttarakhand,False,9,2010,74.1,241.0,284.0,74.1,241.0,284.0,24.0,66.0,118.0,25.1,26.5,24.2,9.6
POS_00583,1,landslide_event,2010-09-19,30.9544,77.5063,Himachal Pradesh,False,9,2010,81.2,110.7,272.0,81.2,110.7,272.0,24.0,50.0,101.0,13.0,15.4,11.3,6.9
POS_00573,1,landslide_event,2010-09-19,31.9843,77.1889,Himachal Pradesh,False,9,2010,14.7,23.6,40.0,22.9,36.1,53.400000000000006,20.0,39.0,70.0,12.7,15.5,9.7,5.9
POS_00580,1,landslide_event,2010-09-19,31.4582,78.2114,Himachal Pradesh,False,9,2010,15.2,28.9,59.199999999999996,44.9,88.6,146.9,24.0,49.0,89.0,12.4,13.7,10.4,2.9
POS_00602,1,landslide_event,2010-09-25,33.241,75.2382,Jammu and Kashmir,False,9,2010,0.0,1.4,4.6,0.0,1.4,4.6,0.0,5.0,14.0,17.3,23.5,10.7,8.2
POS_00612,1,landslide_event,2010-10-04,30.9546,77.1792,Himachal Pradesh,False,10,2010,1.2,3.0,3.3,1.2,3.0,3.3,4.0,9.0,10.0,15.8,20.7,10.9,7.4
POS_00624,1,landslide_event,2010-10-09,25.5242,92.9914,Assam,True,10,2010,13.6,110.9,149.20000000000005,13.6,110.9,149.20000000000005,8.0,56.0,93.0,25.1,27.4,21.8,9.1
POS_00634,1,landslide_event,2010-10-09,25.1796,93.0083,Assam,True,10,2010,24.4,120.4,148.50000000000003,24.4,120.4,148.50000000000003,12.0,60.0,95.0,22.7,24.5,20.3,10.6
POS_00641,1,landslide_event,2010-10-12,33.1847,75.8062,Jammu and Kashmir,False,10,2010,0.0,1.8,2.2,0.0,1.8,2.2,0.0,3.0,7.0,19.9,27.2,12.6,6.7
CTRL_00613,0,matched_control,2010-10-25,30.9546,77.1792,Himachal Pradesh,False,10,2010,0.2,8.9,30.3,0.2,8.9,30.3,1.0,16.0,48.0,11.8,18.8,5.2,8.0
CTRL_00625,0,matched_control,2010-10-30,25.5242,92.9914,Assam,True,10,2010,0.0,0.4,3.1999999999999997,0.0,0.4,3.1999999999999997,0.0,2.0,14.0,24.4,30.2,20.2,6.8
CTRL_00635,0,matched_control,2010-10-30,25.1796,93.0083,Assam,True,10,2010,0.0,0.0,2.6,0.0,0.0,2.6,0.0,0.0,12.0,23.0,28.6,18.6,6.4
POS_00650,1,landslide_event,2010-11-08,14.7822,74.2279,Karnataka,False,11,2010,29.1,39.5,64.4,29.1,39.5,64.4,24.0,37.0,68.0,24.2,24.9,23.2,13.5
CTRL_00651,0,matched_control,2010-11-29,14.7822,74.2279,Karnataka,False,11,2010,0.0,0.6,3.9,0.0,0.6,3.9,0.0,1.0,9.0,27.6,31.8,24.9,15.5
CTRL_00671,0,matched_control,2011-02-02,30.4749,79.2293,Uttarakhand,False,2,2011,0.0,0.1,1.6,0.0,0.1,5.4,0.0,1.0,21.0,3.0,10.5,-4.7,7.3
CTRL_00675,0,matched_control,2011-02-04,32.2338,77.1784,Himachal Pradesh,False,2,2011,0.1,0.1,0.2,16.7,23.6,41.6,24.0,37.0,62.0,8.1,10.8,2.6,4.8
POS_00664,1,landslide_event,2011-02-13,33.1804,75.8101,Jammu and Kashmir,False,2,2011,0.0,0.2,1.4,43.4,64.39999999999999,141.0,24.0,48.0,68.0,8.4,9.7,6.5,3.6
POS_00670,1,landslide_event,2011-02-23,30.4749,79.2293,Uttarakhand,False,2,2011,0.2,0.30000000000000004,1.2,0.3,0.4,2.3,3.0,4.0,14.0,3.2,8.9,-2.0,6.5
POS_00674,1,landslide_event,2011-02-25,32.2338,77.1784,Himachal Pradesh,False,2,2011,0.0,0.0,0.0,12.7,46.4,59.900000000000006,24.0,68.0,107.0,1.7,4.2,-1.0,4.8
POS_00676,1,landslide_event,2011-03-01,33.2477,75.1919,Jammu and Kashmir,False,3,2011,0.3,1.8,13.899999999999999,1.7,11.799999999999999,64.6,4.0,16.0,93.0,4.3,8.5,-1.0,6.4
POS_00683,1,landslide_event,2011-03-19,33.2466,75.1611,Jammu and Kashmir,False,3,2011,17.7,23.099999999999998,23.099999999999998,21.6,27.0,27.0,22.0,40.0,40.0,7.5,12.8,2.5,7.2
CTRL_00677,0,matched_control,2011-03-22,33.2477,75.1919,Jammu and Kashmir,False,3,2011,0.0,0.7,23.799999999999997,0.0,0.7,27.7,0.0,1.0,41.0,10.6,18.0,4.0,8.2
CTRL_00703,0,matched_control,2011-05-10,25.1555,93.8474,Manipur,True,5,2011,3.3,9.4,36.2,3.3,9.4,36.2,10.0,23.0,59.0,22.4,27.7,17.3,6.8
POS_00702,1,landslide_event,2011-05-31,25.1555,93.8474,Manipur,True,5,2011,58.2,167.60000000000002,196.60000000000005,58.2,167.60000000000002,196.60000000000005,23.0,67.0,108.0,22.5,24.6,21.1,7.7
POS_00714,1,landslide_event,2011-06-02,9.5207,77.0198,Tamil Nadu,False,6,2011,51.4,181.0,271.2,51.4,181.0,271.2,24.0,72.0,152.0,24.2,25.5,23.1,11.6
CTRL_00749,0,matched_control,2011-06-07,25.03561729,94.0144205,Manipur,True,6,2011,14.9,16.200000000000003,24.400000000000006,14.9,16.200000000000003,24.400000000000006,13.0,22.0,52.0,25.4,30.1,21.4,8.4
CTRL_00753,0,matched_control,2011-06-08,32.2282,77.1898,Himachal Pradesh,False,6,2011,0.0,0.8,2.6,0.0,0.8,6.1,0.0,5.0,19.0,15.0,19.6,8.8,6.4
CTRL_00755,0,matched_control,2011-06-08,30.81507336,78.2242533,Uttarakhand,False,6,2011,2.2,4.9,17.2,2.2,4.9,17.2,6.0,12.0,22.0,21.0,24.4,15.1,10.3
CTRL_00769,0,matched_control,2011-06-09,30.15,78.7753,Uttarakhand,False,6,2011,3.5,9.8,11.5,3.5,9.8,11.5,8.0,15.0,17.0,23.4,29.1,19.6,6.1
POS_00739,1,landslide_event,2011-06-21,25.51614662,94.2341227,Nagaland,True,6,2011,17.0,51.5,116.89999999999999,17.0,51.5,116.89999999999999,20.0,51.0,123.0,22.2,27.0,19.2,4.1
CTRL_00715,0,matched_control,2011-06-23,9.5207,77.0198,Tamil Nadu,False,6,2011,3.4,7.6,56.2,3.4,7.6,56.2,8.0,22.0,85.0,25.1,27.9,22.9,13.8
POS_00748,1,landslide_event,2011-06-28,25.03561729,94.0144205,Manipur,True,6,2011,8.3,24.0,44.2,8.3,24.0,44.2,9.0,45.0,82.0,24.5,28.4,21.8,7.3
POS_00752,1,landslide_event,2011-06-29,32.2282,77.1898,Himachal Pradesh,False,6,2011,6.8,27.0,34.5,6.8,27.0,34.5,17.0,52.0,67.0,20.2,23.1,17.2,5.3
POS_00754,1,landslide_event,2011-06-29,30.81507336,78.2242533,Uttarakhand,False,6,2011,14.2,51.699999999999996,156.2,14.2,51.699999999999996,156.2,14.0,57.0,121.0,23.1,24.5,21.4,6.9
POS_00768,1,landslide_event,2011-06-30,30.15,78.7753,Uttarakhand,False,6,2011,6.9,32.6,147.3,6.9,32.6,147.3,10.0,47.0,108.0,24.6,28.5,22.1,5.5
POS_00776,1,landslide_event,2011-07-03,34.1601,75.496,Jammu and Kashmir,False,7,2011,0.1,5.4,17.4,0.1,5.5,17.599999999999998,1.0,19.0,45.0,-0.6,4.4,-5.9,4.8
CTRL_00829,0,matched_control,2011-07-04,32.1896,77.187,Himachal Pradesh,False,7,2011,0.4,3.5,26.0,0.4,3.5,26.0,3.0,14.0,73.0,19.4,25.2,12.3,7.9
CTRL_00835,0,matched_control,2011-07-08,30.012,78.197,Uttarakhand,False,7,2011,6.4,16.700000000000003,24.100000000000005,6.4,16.700000000000003,24.100000000000005,13.0,41.0,67.0,27.8,30.2,26.1,10.5
CTRL_00777,0,matched_control,2011-07-24,34.1601,75.496,Jammu and Kashmir,False,7,2011,4.1,11.0,17.3,4.1,11.0,17.3,7.0,23.0,40.0,7.8,11.7,3.9,7.6
POS_00828,1,landslide_event,2011-07-25,32.1896,77.187,Himachal Pradesh,False,7,2011,17.3,28.300000000000004,41.7,17.3,28.300000000000004,41.7,19.0,41.0,76.0,22.2,23.7,20.9,5.2
POS_00834,1,landslide_event,2011-07-29,30.012,78.197,Uttarakhand,False,7,2011,9.3,27.700000000000003,56.900000000000006,9.3,27.700000000000003,56.900000000000006,18.0,56.0,104.0,28.8,31.3,27.0,6.1
POS_00844,1,landslide_event,2011-08-07,33.0271,75.0018,Jammu and Kashmir,False,8,2011,16.9,27.9,44.4,16.9,27.9,44.4,12.0,33.0,63.0,22.3,25.5,20.0,5.6
POS_00875,1,landslide_event,2011-08-13,25.7713,93.8067,Assam,True,8,2011,25.7,64.5,168.5,25.7,64.5,168.5,22.0,46.0,133.0,27.5,29.4,26.0,4.3
POS_00877,1,landslide_event,2011-08-15,27.4888,93.0153,Arunachal Pradesh,True,8,2011,91.1,154.39999999999998,211.1,91.1,154.39999999999998,211.1,24.0,69.0,131.0,23.7,24.8,23.0,7.9
POS_00878,1,landslide_event,2011-08-16,25.5144,90.2167,Meghalaya,True,8,2011,73.4,104.6,187.9,73.4,104.6,187.9,23.0,68.0,114.0,25.2,26.3,24.0,13.6
CTRL_00845,0,matched_control,2011-08-28,33.0271,75.0018,Jammu and Kashmir,False,8,2011,6.7,33.0,73.8,6.7,33.0,73.8,11.0,44.0,98.0,21.0,22.8,18.3,4.6
POS_00909,1,landslide_event,2011-10-17,9.9903,76.7898,Kerala,False,10,2011,5.3,26.7,44.0,5.3,26.7,44.0,13.0,38.0,65.0,24.9,26.8,23.6,4.6
POS_00910,1,landslide_event,2011-11-03,10.2445,77.5146,Tamil Nadu,False,11,2011,9.2,24.2,113.29999999999998,9.2,24.2,113.29999999999998,16.0,47.0,130.0,20.2,24.2,18.2,3.4
CTRL_00911,0,matched_control,2011-11-24,10.2445,77.5146,Tamil Nadu,False,11,2011,20.1,28.200000000000003,44.7,20.1,28.200000000000003,44.7,20.0,32.0,54.0,18.7,20.1,17.8,6.8
POS_00914,1,landslide_event,2012-01-12,33.2407,75.2373,Jammu and Kashmir,False,1,2012,0.0,0.0,2.4,0.0,0.0,43.199999999999996,0.0,0.0,34.0,-5.6,0.7,-11.6,7.9
CTRL_00922,0,matched_control,2012-02-01,33.241,75.234,Jammu and Kashmir,False,2,2012,0.0,0.0,0.0,0.0,0.0,0.0,0.0,0.0,0.0,-0.2,5.2,-6.5,7.1
POS_00916,1,landslide_event,2012-02-04,33.2424,75.2381,Jammu and Kashmir,False,2,2012,7.0,8.4,8.4,35.8,41.699999999999996,41.699999999999996,21.0,36.0,36.0,2.3,3.6,0.0,4.7
POS_00920,1,landslide_event,2012-02-19,33.2361,75.2441,Jammu and Kashmir,False,2,2012,1.4,1.5,11.8,2.0,2.9,50.7,6.0,11.0,52.0,4.8,8.8,1.2,6.1
POS_00921,1,landslide_event,2012-02-22,33.241,75.234,Jammu and Kashmir,False,2,2012,19.2,45.3,47.099999999999994,25.7,61.5,65.0,22.0,60.0,74.0,4.1,7.6,0.3,5.2
CTRL_00917,0,matched_control,2012-02-25,33.2424,75.2381,Jammu and Kashmir,False,2,2012,0.0,3.3,49.99999999999999,0.0,7.4,70.9,0.0,17.0,83.0,4.1,9.4,-1.5,7.1
CTRL_00932,0,matched_control,2012-04-03,33.2413,75.2381,Jammu and Kashmir,False,4,2012,0.6,0.8,1.4,0.6,0.8,1.4,2.0,3.0,5.0,14.4,21.6,7.6,9.9
POS_00931,1,landslide_event,2012-04-24,33.2413,75.2381,Jammu and Kashmir,False,4,2012,3.3,20.3,44.00000000000001,3.3,20.3,44.00000000000001,6.0,31.0,59.0,14.3,20.4,8.8,7.7
POS_00937,1,landslide_event,2012-06-02,28.8254,96.1517,Arunachal Pradesh,True,6,2012,31.4,51.4,61.0,31.4,51.4,61.0,24.0,59.0,80.0,7.8,9.7,6.9,8.8
POS_00941,1,landslide_event,2012-06-03,25.1775,93.0123,Assam,True,6,2012,159.2,268.79999999999995,339.29999999999995,159.2,268.79999999999995,339.29999999999995,23.0,64.0,120.0,23.9,26.3,21.6,9.5
CTRL_00962,0,matched_control,2012-06-04,26.9986,95.4993,Arunachal Pradesh,True,6,2012,4.5,72.2,221.20000000000002,4.5,72.2,221.20000000000002,14.0,50.0,132.0,24.9,28.3,22.0,6.9
CTRL_00964,0,matched_control,2012-06-04,27.174,95.8011,Arunachal Pradesh,True,6,2012,7.9,82.9,183.8,7.9,82.9,183.8,13.0,55.0,137.0,23.8,27.5,21.5,9.2
POS_00953,1,landslide_event,2012-06-10,24.8142,93.5444,Manipur,True,6,2012,9.9,17.1,35.6,9.9,17.1,35.6,19.0,40.0,77.0,26.8,29.2,24.6,4.8
CTRL_00938,0,matched_control,2012-06-23,28.8254,96.1517,Arunachal Pradesh,True,6,2012,51.7,80.2,124.3,51.7,80.2,124.3,24.0,68.0,137.0,12.2,14.7,10.3,6.2
CTRL_00942,0,matched_control,2012-06-24,25.1775,93.0123,Assam,True,6,2012,25.9,62.2,104.3,25.9,62.2,104.3,24.0,63.0,110.0,24.4,26.3,23.5,18.7
POS_00961,1,landslide_event,2012-06-25,26.9986,95.4993,Arunachal Pradesh,True,6,2012,45.9,114.2,240.79999999999998,45.9,114.2,240.79999999999998,24.0,72.0,159.0,23.9,25.1,22.7,4.5
POS_00963,1,landslide_event,2012-06-25,27.174,95.8011,Arunachal Pradesh,True,6,2012,49.2,120.60000000000001,250.40000000000003,49.2,120.60000000000001,250.40000000000003,24.0,72.0,159.0,22.2,23.4,20.8,5.4
POS_00973,1,landslide_event,2012-07-07,34.0123,77.9988,Jammu and Kashmir,False,7,2012,0.5,1.0,1.0,0.5,1.0,1.0,3.0,6.0,6.0,3.1,8.4,-1.8,10.2
CTRL_00974,0,matched_control,2012-07-28,34.0123,77.9988,Jammu and Kashmir,False,7,2012,0.0,0.0,0.30000000000000004,0.0,0.0,0.30000000000000004,0.0,0.0,2.0,7.8,13.5,0.4,8.9
CTRL_00996,0,matched_control,2012-08-01,33.2412,75.2382,Jammu and Kashmir,False,8,2012,7.0,42.1,47.300000000000004,7.0,42.1,47.300000000000004,15.0,43.0,71.0,22.8,26.6,21.0,5.0
POS_00978,1,landslide_event,2012-08-05,30.4876,78.0366,Uttarakhand,False,8,2012,5.4,84.7,133.1,5.4,84.7,133.1,8.0,49.0,119.0,22.8,25.6,20.4,5.0
POS_00991,1,landslide_event,2012-08-18,32.1797,77.1947,Himachal Pradesh,False,8,2012,1.3,4.8,22.7,1.3,4.8,22.7,5.0,11.0,52.0,23.0,27.8,19.3,6.9
POS_00995,1,landslide_event,2012-08-22,33.2412,75.2382,Jammu and Kashmir,False,8,2012,4.7,43.2,50.9,4.7,43.2,50.9,12.0,45.0,71.0,20.0,22.2,18.3,6.0
CTRL_00979,0,matched_control,2012-08-26,30.4876,78.0366,Uttarakhand,False,8,2012,6.6,97.6,178.8,6.6,97.6,178.8,14.0,58.0,134.0,22.2,25.4,19.1,7.6
POS_01013,1,landslide_event,2012-09-14,29.841,79.7758,Uttarakhand,False,9,2012,28.1,58.400000000000006,90.5,28.1,58.400000000000006,90.5,22.0,57.0,114.0,22.5,25.0,21.1,6.3
POS_01019,1,landslide_event,2012-09-17,33.9639,74.9597,Jammu and Kashmir,False,9,2012,26.4,35.3,62.599999999999994,26.4,35.3,62.599999999999994,21.0,31.0,74.0,16.8,18.4,15.0,4.3
POS_01022,1,landslide_event,2012-09-19,27.8458,95.2253,Arunachal Pradesh,True,9,2012,50.9,106.69999999999999,178.70000000000002,50.9,106.69999999999999,178.70000000000002,24.0,67.0,139.0,25.2,27.2,23.9,9.7
POS_01027,1,landslide_event,2012-11-11,23.7705,92.5217,Mizoram,True,11,2012,0.0,0.0,32.199999999999996,0.0,0.0,32.199999999999996,0.0,0.0,47.0,19.1,24.7,13.8,5.2
POS_01028,1,landslide_event,2012-12-11,32.9522,75.1533,Jammu and Kashmir,False,12,2012,1.3,1.3,1.3,2.0,2.0,2.0,8.0,8.0,8.0,9.4,13.0,4.7,9.3
POS_01032,1,landslide_event,2013-04-07,28.8254,96.1509,Arunachal Pradesh,True,4,2013,0.3,0.5,2.5,0.5,32.3,80.60000000000001,2.0,44.0,99.0,3.6,7.9,-1.8,8.6
CTRL_01033,0,matched_control,2013-04-28,28.8254,96.1509,Arunachal Pradesh,True,4,2013,0.1,1.9000000000000001,9.0,0.1,1.9000000000000001,22.5,1.0,11.0,41.0,7.3,12.4,2.2,5.4
CTRL_01046,0,matched_control,2013-05-05,28.758,77.15,Nct,False,5,2013,0.0,0.0,0.0,0.0,0.0,0.0,0.0,0.0,0.0,33.1,40.8,26.1,18.4
POS_01041,1,landslide_event,2013-05-11,26.1771,91.7599,Assam,True,5,2013,14.0,55.1,78.7,14.0,55.1,78.7,17.0,44.0,90.0,25.8,30.5,22.9,11.0
POS_01044,1,landslide_event,2013-05-12,24.9926,93.4946,Assam,True,5,2013,4.0,149.6,539.0999999999999,4.0,149.6,539.0999999999999,15.0,60.0,156.0,20.2,24.0,17.7,6.2
POS_01045,1,landslide_event,2013-05-26,28.758,77.15,Nct,False,5,2013,0.0,0.0,0.0,0.0,0.0,0.0,0.0,0.0,0.0,36.9,42.8,32.2,21.3
CTRL_01086,0,matched_control,2013-06-04,11.4991,76.4949,Tamil Nadu,False,6,2013,1.0,50.8,163.29999999999998,1.0,50.8,163.29999999999998,4.0,39.0,101.0,22.8,27.0,19.9,11.9
POS_01065,1,landslide_event,2013-06-16,31.4551,78.1996,Himachal Pradesh,False,6,2013,49.8,78.0,108.5,84.5,121.6,152.29999999999995,24.0,59.0,107.0,15.8,17.9,14.6,4.9
POS_01075,1,landslide_event,2013-06-18,12.8446,75.2476,Karnataka,False,6,2013,66.6,146.2,251.8,66.6,146.2,251.8,24.0,72.0,168.0,24.1,25.8,22.9,14.1
POS_01085,1,landslide_event,2013-06-25,11.4991,76.4949,Tamil Nadu,False,6,2013,19.9,52.900000000000006,133.4,19.9,52.900000000000006,133.4,22.0,70.0,151.0,22.0,23.8,20.4,14.7
CTRL_01157,0,matched_control,2013-07-02,30.1944,79.1939,Uttarakhand,False,7,2013,23.7,33.3,75.2,23.7,33.3,75.2,15.0,35.0,81.0,24.7,28.2,21.6,4.8
CTRL_01169,0,matched_control,2013-07-03,30.4605,79.4774,Uttarakhand,False,7,2013,15.5,30.4,64.29999999999998,15.5,30.4,64.29999999999998,18.0,46.0,91.0,21.0,22.8,18.9,4.4
CTRL_01163,0,matched_control,2013-07-03,19.1711,73.0207,Maharashtra,False,7,2013,3.4,12.7,43.2,3.4,12.7,43.2,20.0,58.0,134.0,27.8,28.8,26.6,18.6
CTRL_01197,0,matched_control,2013-07-06,30.4521,78.754,Uttarakhand,False,7,2013,24.4,81.5,99.80000000000001,24.4,81.5,99.80000000000001,22.0,53.0,89.0,16.1,17.1,14.4,5.9
POS_01115,1,landslide_event,2013-07-06,31.9906,76.7907,Himachal Pradesh,False,7,2013,53.2,88.1,124.19999999999999,53.2,88.1,124.19999999999999,24.0,64.0,113.0,23.5,24.5,22.0,6.5
CTRL_01201,0,matched_control,2013-07-07,29.9964,80.201,Uttarakhand,False,7,2013,83.9,206.39999999999998,285.4,83.9,206.39999999999998,285.4,24.0,71.0,148.0,17.8,18.9,16.8,5.1
CTRL_01207,0,matched_control,2013-07-08,32.9918,75.1945,Jammu and Kashmir,False,7,2013,3.7,20.0,37.5,3.7,20.0,37.5,13.0,45.0,85.0,25.9,28.8,22.8,6.6
CTRL_01205,0,matched_control,2013-07-08,32.9918,75.1945,Jammu and Kashmir,False,7,2013,3.7,20.0,37.5,3.7,20.0,37.5,13.0,45.0,85.0,25.9,28.8,22.8,6.6
POS_01144,1,landslide_event,2013-07-14,32.17,77.1788,Himachal Pradesh,False,7,2013,5.2,15.8,28.699999999999996,5.2,15.8,28.699999999999996,12.0,38.0,72.0,23.6,27.8,16.6,6.1
POS_01156,1,landslide_event,2013-07-23,30.1944,79.1939,Uttarakhand,False,7,2013,13.2,53.49999999999999,144.39999999999998,13.2,53.49999999999999,144.39999999999998,14.0,58.0,141.0,24.4,26.6,22.0,3.3
POS_01168,1,landslide_event,2013-07-24,30.4605,79.4774,Uttarakhand,False,7,2013,10.7,67.1,181.5,10.7,67.1,181.5,23.0,67.0,162.0,20.8,23.7,18.3,6.6
POS_01162,1,landslide_event,2013-07-24,19.1711,73.0207,Maharashtra,False,7,2013,26.8,118.4,242.49999999999997,26.8,118.4,242.49999999999997,24.0,72.0,168.0,26.3,27.3,25.5,24.2
CTRL_01116,0,matched_control,2013-07-27,31.9906,76.7907,Himachal Pradesh,False,7,2013,4.4,9.100000000000001,84.8,4.4,9.100000000000001,84.8,10.0,23.0,90.0,25.3,28.1,22.3,6.9
POS_01196,1,landslide_event,2013-07-27,30.4521,78.754,Uttarakhand,False,7,2013,5.0,18.2,63.4,5.0,18.2,63.4,9.0,31.0,93.0,18.4,22.8,14.9,7.1
POS_01200,1,landslide_event,2013-07-28,29.9964,80.201,Uttarakhand,False,7,2013,16.8,46.9,192.89999999999998,16.8,46.9,192.89999999999998,23.0,57.0,147.0,19.2,21.6,16.4,6.5
POS_01204,1,landslide_event,2013-07-29,32.9918,75.1945,Jammu and Kashmir,False,7,2013,32.6,47.0,87.8,32.6,47.0,87.8,21.0,43.0,90.0,28.7,31.0,26.9,9.4
POS_01206,1,landslide_event,2013-07-29,32.9918,75.1945,Jammu and Kashmir,False,7,2013,32.6,47.0,87.8,32.6,47.0,87.8,21.0,43.0,90.0,28.7,31.0,26.9,9.4
POS_01228,1,landslide_event,2013-08-04,26.0481,94.4619,Nagaland,True,8,2013,10.4,22.200000000000003,38.00000000000001,10.4,22.200000000000003,38.00000000000001,18.0,39.0,69.0,23.4,28.5,20.0,5.5
POS_01220,1,landslide_event,2013-08-04,26.2083,94.5438,Nagaland,True,8,2013,15.0,32.1,71.1,15.0,32.1,71.1,17.0,37.0,83.0,27.7,31.5,24.3,6.9
POS_01238,1,landslide_event,2013-08-04,9.9995,77.0309,Kerala,False,8,2013,116.5,151.5,192.5,116.5,151.5,192.5,24.0,65.0,131.0,21.1,22.9,19.4,19.8
POS_01226,1,landslide_event,2013-08-04,25.8376,94.5234,Nagaland,True,8,2013,8.9,17.1,31.1,8.9,17.1,31.1,13.0,29.0,56.0,27.3,32.1,23.4,4.7
POS_01234,1,landslide_event,2013-08-04,26.0137,94.5163,Nagaland,True,8,2013,10.4,22.200000000000003,38.00000000000001,10.4,22.200000000000003,38.00000000000001,18.0,39.0,69.0,23.4,28.5,20.0,5.5
POS_01230,1,landslide_event,2013-08-04,26.1807,94.5497,Nagaland,True,8,2013,15.0,32.1,71.1,15.0,32.1,71.1,17.0,37.0,83.0,27.7,31.5,24.3,6.9
POS_01248,1,landslide_event,2013-08-05,10.0486,76.7606,Kerala,False,8,2013,79.2,218.5,286.0,79.2,218.5,286.0,24.0,69.0,158.0,21.8,24.0,20.2,16.3
CTRL_01303,0,matched_control,2013-08-07,29.9531,78.1514,Uttarakhand,False,8,2013,12.4,57.300000000000004,84.8,12.4,57.300000000000004,84.8,14.0,46.0,91.0,28.4,30.8,25.8,8.8
POS_01260,1,landslide_event,2013-08-07,32.9913,75.1915,Jammu and Kashmir,False,8,2013,5.4,32.2,105.1,5.4,32.2,105.1,11.0,43.0,97.0,26.4,28.6,24.5,7.4
POS_01277,1,landslide_event,2013-08-14,32.9913,75.1915,Jammu and Kashmir,False,8,2013,29.2,64.8,135.6,29.2,64.8,135.6,23.0,55.0,120.0,23.8,25.2,22.8,4.8
CTRL_01229,0,matched_control,2013-08-25,26.0481,94.4619,Nagaland,True,8,2013,4.7,11.100000000000001,18.400000000000002,4.7,11.100000000000001,18.400000000000002,15.0,30.0,49.0,22.9,25.5,20.2,4.1
CTRL_01231,0,matched_control,2013-08-25,26.1807,94.5497,Nagaland,True,8,2013,4.8,17.700000000000003,48.20000000000001,4.8,17.700000000000003,48.20000000000001,14.0,35.0,60.0,27.3,29.7,24.6,4.5
CTRL_01221,0,matched_control,2013-08-25,26.2083,94.5438,Nagaland,True,8,2013,4.8,17.700000000000003,48.20000000000001,4.8,17.700000000000003,48.20000000000001,14.0,35.0,60.0,27.3,29.7,24.6,4.5
CTRL_01235,0,matched_control,2013-08-25,26.0137,94.5163,Nagaland,True,8,2013,4.7,11.100000000000001,18.400000000000002,4.7,11.100000000000001,18.400000000000002,15.0,30.0,49.0,22.9,25.5,20.2,4.1
CTRL_01227,0,matched_control,2013-08-25,25.8376,94.5234,Nagaland,True,8,2013,3.9,13.799999999999999,22.2,3.9,13.799999999999999,22.2,10.0,23.0,44.0,26.6,29.9,23.1,4.1
CTRL_01239,0,matched_control,2013-08-25,9.9995,77.0309,Kerala,False,8,2013,3.1,8.9,27.8,3.1,8.9,27.8,8.0,27.0,68.0,22.6,25.6,19.9,11.3
CTRL_01249,0,matched_control,2013-08-26,10.0486,76.7606,Kerala,False,8,2013,3.2,10.2,42.7,3.2,10.2,42.7,8.0,26.0,69.0,24.0,27.2,21.3,12.4
CTRL_01261,0,matched_control,2013-08-28,32.9913,75.1915,Jammu and Kashmir,False,8,2013,6.5,18.6,34.2,6.5,18.6,34.2,10.0,28.0,60.0,26.2,28.9,23.8,6.9
POS_01302,1,landslide_event,2013-08-28,29.9531,78.1514,Uttarakhand,False,8,2013,8.9,21.2,33.199999999999996,8.9,21.2,33.199999999999996,11.0,50.0,79.0,28.0,30.9,25.1,7.6
POS_01306,1,landslide_event,2013-09-01,24.9829,93.5063,Assam,True,9,2013,5.5,8.5,84.0,5.5,8.5,84.0,12.0,26.0,84.0,23.6,26.6,21.1,7.1
POS_01312,1,landslide_event,2013-09-02,27.1614,93.7525,Arunachal Pradesh,True,9,2013,12.2,37.3,78.9,12.2,37.3,78.9,24.0,62.0,138.0,27.4,29.7,25.8,7.2
CTRL_01307,0,matched_control,2013-09-22,24.9829,93.5063,Assam,True,9,2013,2.3,8.1,21.5,2.3,8.1,21.5,8.0,17.0,26.0,24.1,29.0,20.3,5.1
CTRL_01313,0,matched_control,2013-09-23,27.1614,93.7525,Arunachal Pradesh,True,9,2013,2.4,7.1,15.2,2.4,7.1,15.2,13.0,33.0,50.0,28.8,33.3,26.0,5.8
POS_01347,1,landslide_event,2013-11-13,8.4557,77.009,Kerala,False,11,2013,6.5,38.2,44.300000000000004,6.5,38.2,44.300000000000004,12.0,44.0,54.0,26.2,27.7,25.1,11.5
POS_01344,1,landslide_event,2013-11-13,8.4863,76.9517,Kerala,False,11,2013,6.5,38.2,44.300000000000004,6.5,38.2,44.300000000000004,12.0,44.0,54.0,26.2,27.7,25.1,11.5
POS_01349,1,landslide_event,2013-11-20,20.0014,73.7917,Maharashtra,False,11,2013,0.0,0.0,0.0,0.0,0.0,0.0,0.0,0.0,0.0,21.8,30.5,13.9,8.3
CTRL_01356,0,matched_control,2014-02-02,33.2359,75.244,Jammu and Kashmir,False,2,2014,4.5,4.5,4.5,9.2,9.2,9.2,11.0,11.0,11.0,4.7,9.0,1.0,5.9
POS_01354,1,landslide_event,2014-02-12,31.8246,77.4702,Himachal Pradesh,False,2,2014,0.0,0.0,0.30000000000000004,0.0,4.5,69.1,0.0,19.0,54.0,-7.9,0.6,-16.0,8.9
POS_01355,1,landslide_event,2014-02-23,33.2359,75.244,Jammu and Kashmir,False,2,2014,0.0,4.800000000000001,4.800000000000001,0.0,20.4,20.4,0.0,26.0,26.0,3.5,9.5,-0.9,6.1
POS_01357,1,landslide_event,2014-03-10,33.2359,75.2439,Jammu and Kashmir,False,3,2014,23.2,31.1,34.2,58.5,73.9,79.8,24.0,46.0,69.0,2.6,5.9,0.1,6.4
POS_01360,1,landslide_event,2014-03-20,33.2355,75.2449,Jammu and Kashmir,False,3,2014,0.0,5.1,29.400000000000002,0.0,7.3,34.0,0.0,10.0,42.0,9.3,15.0,4.1,6.6
CTRL_01358,0,matched_control,2014-03-31,33.2359,75.2439,Jammu and Kashmir,False,3,2014,0.0,2.0,30.799999999999997,0.0,2.0,35.4,0.0,8.0,62.0,9.5,18.3,1.7,9.4
POS_01364,1,landslide_event,2014-05-07,18.5158,73.1822,Maharashtra,False,5,2014,5.0,5.0,6.5,5.0,5.0,6.5,3.0,3.0,4.0,29.2,35.4,25.0,11.4
POS_01371,1,landslide_event,2014-05-14,33.2394,75.2405,Jammu and Kashmir,False,5,2014,3.4,47.1,74.8,3.4,47.2,74.9,6.0,47.0,78.0,13.2,18.9,6.9,8.4
CTRL_01365,0,matched_control,2014-05-28,18.5158,73.1822,Maharashtra,False,5,2014,0.4,3.4,3.4,0.4,3.4,3.4,1.0,4.0,4.0,28.7,33.9,25.2,14.2
CTRL_01377,0,matched_control,2014-06-05,26.1844,91.7896,Assam,True,6,2014,2.6,6.5,19.9,2.6,6.5,19.9,6.0,16.0,38.0,29.9,33.4,27.4,15.9
CTRL_01383,0,matched_control,2014-06-06,26.1619,91.7697,Assam,True,6,2014,7.8,11.9,19.0,7.8,11.9,19.0,10.0,20.0,34.0,28.8,31.9,27.1,5.9
CTRL_01385,0,matched_control,2014-06-07,26.1964,91.7652,Assam,True,6,2014,15.2,25.6,33.800000000000004,15.2,25.6,33.800000000000004,10.0,26.0,42.0,28.9,31.9,26.9,12.3
POS_01376,1,landslide_event,2014-06-26,26.1844,91.7896,Assam,True,6,2014,26.3,37.8,187.79999999999998,26.3,37.8,187.79999999999998,18.0,37.0,130.0,29.2,33.5,26.8,11.2
POS_01382,1,landslide_event,2014-06-27,26.1619,91.7697,Assam,True,6,2014,7.0,40.5,168.1,7.0,40.5,168.1,20.0,43.0,126.0,28.7,31.3,26.8,6.9
POS_01384,1,landslide_event,2014-06-28,26.1964,91.7652,Assam,True,6,2014,4.7,38.0,113.69999999999999,4.7,38.0,113.69999999999999,13.0,51.0,115.0,28.4,30.0,26.4,14.3
CTRL_01391,0,matched_control,2014-07-01,33.2395,75.2406,Jammu and Kashmir,False,7,2014,17.5,27.3,46.6,17.5,27.3,46.6,20.0,38.0,57.0,20.8,24.1,18.1,6.1
POS_01390,1,landslide_event,2014-07-22,33.2395,75.2406,Jammu and Kashmir,False,7,2014,2.5,4.3,22.7,2.5,4.3,22.7,8.0,18.0,64.0,24.0,27.7,21.3,7.6
POS_01414,1,landslide_event,2014-08-17,34.5382,74.2493,Jammu and Kashmir,False,8,2014,0.3,70.7,86.29999999999998,0.3,70.7,86.29999999999998,1.0,46.0,81.0,19.1,24.9,11.8,7.2
POS_01416,1,landslide_event,2014-08-20,20.5349,73.1703,Gujarat,False,8,2014,3.5,4.2,22.4,3.5,4.2,22.4,2.0,7.0,65.0,28.7,33.1,25.8,10.2
CTRL_01453,0,matched_control,2014-09-01,26.1985,91.7998,Assam,True,9,2014,25.2,94.1,141.4,25.2,94.1,141.4,17.0,46.0,96.0,28.6,31.3,25.4,7.7
CTRL_01463,0,matched_control,2014-09-01,26.159,91.8178,Assam,True,9,2014,25.2,94.1,141.4,25.2,94.1,141.4,17.0,46.0,96.0,28.6,31.3,25.4,7.7
CTRL_01471,0,matched_control,2014-09-05,33.0365,74.4889,Jammu and Kashmir,False,9,2014,108.0,266.6,279.6,108.0,266.6,279.6,24.0,72.0,89.0,21.1,22.1,20.0,17.5
POS_01442,1,landslide_event,2014-09-09,31.7766,76.9832,Himachal Pradesh,False,9,2014,4.2,29.099999999999998,146.5,4.2,29.099999999999998,146.5,11.0,32.0,100.0,20.5,24.2,14.7,7.0
POS_01462,1,landslide_event,2014-09-22,26.159,91.8178,Assam,True,9,2014,58.2,143.6,184.89999999999998,58.2,143.6,184.89999999999998,24.0,62.0,106.0,24.9,26.2,23.6,12.2
POS_01452,1,landslide_event,2014-09-22,26.1985,91.7998,Assam,True,9,2014,58.2,143.6,184.89999999999998,58.2,143.6,184.89999999999998,24.0,62.0,106.0,24.9,26.2,23.6,12.2
POS_01470,1,landslide_event,2014-09-26,33.0365,74.4889,Jammu and Kashmir,False,9,2014,0.0,1.0,1.0,0.0,1.0,1.0,0.0,3.0,3.0,25.7,31.3,19.7,9.0
CTRL_01443,0,matched_control,2014-09-30,31.7766,76.9832,Himachal Pradesh,False,9,2014,1.2,3.6999999999999997,7.8999999999999995,1.2,3.6999999999999997,7.8999999999999995,4.0,12.0,26.0,18.3,22.6,13.8,6.0
POS_01479,1,landslide_event,2014-10-12,19.2046,84.1917,Odisha,False,10,2014,71.2,102.8,109.09999999999998,71.2,102.8,109.09999999999998,24.0,55.0,72.0,19.0,20.0,18.3,29.6
CTRL_01528,0,matched_control,2015-03-07,33.0186,75.2405,Jammu and Kashmir,False,3,2015,27.0,40.6,148.0,29.8,44.800000000000004,163.7,14.0,31.0,91.0,10.5,15.4,7.2,8.8
CTRL_01530,0,matched_control,2015-03-07,33.9548314,74.79428356,Jammu and Kashmir,False,3,2015,7.8,27.1,94.0,17.3,60.3,159.4,14.0,58.0,141.0,1.2,5.2,-1.2,5.0
POS_01519,1,landslide_event,2015-03-19,25.0318,92.4584,Assam,True,3,2015,0.0,0.0,0.1,0.0,0.0,0.1,0.0,0.0,1.0,26.4,33.4,17.5,16.7
POS_01520,1,landslide_event,2015-03-21,33.1754,75.8103,Jammu and Kashmir,False,3,2015,0.0,0.0,1.5,0.0,0.0,58.0,0.0,0.0,55.0,10.9,16.7,6.1,5.3
POS_01527,1,landslide_event,2015-03-28,33.0186,75.2405,Jammu and Kashmir,False,3,2015,7.7,7.7,9.9,7.7,7.7,9.9,6.0,6.0,10.0,20.1,27.9,12.8,9.3
POS_01529,1,landslide_event,2015-03-28,33.9548314,74.79428356,Jammu and Kashmir,False,3,2015,26.2,26.2,38.0,26.2,26.2,38.0,17.0,17.0,30.0,7.8,14.1,3.7,7.0
POS_01539,1,landslide_event,2015-04-02,34.1587,74.4725,Jammu and Kashmir,False,4,2015,16.3,57.099999999999994,133.2,16.3,57.5,137.1,18.0,58.0,99.0,10.1,15.1,5.6,6.4
CTRL_01540,0,matched_control,2015-04-23,34.1587,74.4725,Jammu and Kashmir,False,4,2015,0.0,0.0,45.6,0.0,0.0,45.6,0.0,0.0,38.0,16.8,25.5,7.7,4.0
CTRL_01592,0,matched_control,2015-06-03,26.0319,94.5466,Nagaland,True,6,2015,4.2,10.5,84.49999999999999,4.2,10.5,84.49999999999999,10.0,30.0,88.0,19.3,22.7,16.3,6.6
CTRL_01602,0,matched_control,2015-06-08,27.0161,88.2478,West Bengal,False,6,2015,15.3,38.6,80.8,15.3,38.6,80.8,21.0,66.0,127.0,17.5,20.9,15.1,6.0
POS_01573,1,landslide_event,2015-06-13,25.463,92.2121,Meghalaya,True,6,2015,35.4,305.8,420.79999999999995,35.4,305.8,420.79999999999995,24.0,72.0,165.0,20.2,22.6,19.1,13.2
POS_01574,1,landslide_event,2015-06-13,27.0165,88.2476,West Bengal,False,6,2015,37.6,75.6,142.7,37.6,75.6,142.7,24.0,64.0,153.0,16.1,18.6,13.9,6.4
POS_01575,1,landslide_event,2015-06-16,25.5084,90.2191,Meghalaya,True,6,2015,21.8,56.00000000000001,281.90000000000003,21.8,56.00000000000001,281.90000000000003,10.0,53.0,145.0,26.8,29.1,25.5,11.6
POS_01576,1,landslide_event,2015-06-16,25.5114,90.215,Meghalaya,True,6,2015,21.8,56.00000000000001,281.90000000000003,21.8,56.00000000000001,281.90000000000003,10.0,53.0,145.0,26.8,29.1,25.5,11.6
POS_01584,1,landslide_event,2015-06-21,18.7833,73.4703,Maharashtra,False,6,2015,40.5,87.6,129.1,40.5,87.6,129.1,24.0,67.0,134.0,24.9,26.3,24.0,23.7
POS_01591,1,landslide_event,2015-06-24,26.0319,94.5466,Nagaland,True,6,2015,12.4,78.39999999999999,105.0,12.4,78.39999999999999,105.0,8.0,54.0,113.0,19.7,22.8,16.5,4.8
POS_01601,1,landslide_event,2015-06-29,27.0161,88.2478,West Bengal,False,6,2015,6.3,51.400000000000006,110.7,6.3,51.400000000000006,110.7,19.0,62.0,130.0,16.8,19.4,15.3,6.0
POS_01613,1,landslide_event,2015-07-01,26.9978,88.167,West Bengal,False,7,2015,26.4,47.3,110.5,26.4,47.3,110.5,19.0,58.0,125.0,17.6,20.4,15.5,6.3
POS_01615,1,landslide_event,2015-07-01,26.8352,88.1881,West Bengal,False,7,2015,18.5,49.800000000000004,118.10000000000001,18.5,49.800000000000004,118.10000000000001,23.0,63.0,131.0,27.0,29.9,25.1,7.4
CTRL_01660,0,matched_control,2015-07-01,25.4538,93.9827,Manipur,True,7,2015,2.3,10.0,104.3,2.3,10.0,104.3,11.0,34.0,102.0,22.7,26.3,19.8,6.9
CTRL_01656,0,matched_control,2015-07-01,24.7979,92.9974,Assam,True,7,2015,10.8,15.9,171.7,10.8,15.9,171.7,15.0,37.0,112.0,29.1,32.7,26.1,7.1
CTRL_01658,0,matched_control,2015-07-01,25.5007,93.9854,Manipur,True,7,2015,2.3,10.0,104.3,2.3,10.0,104.3,11.0,34.0,102.0,22.7,26.3,19.8,6.9
CTRL_01668,0,matched_control,2015-07-03,24.9818,93.5142,Manipur,True,7,2015,7.1,18.099999999999998,93.19999999999999,7.1,18.099999999999998,93.19999999999999,16.0,49.0,109.0,22.6,26.0,20.6,7.7
CTRL_01696,0,matched_control,2015-07-06,11.8348,75.4856,Kerala,False,7,2015,1.6,7.6,15.5,1.6,7.6,15.5,11.0,43.0,83.0,27.4,29.2,25.6,18.7
POS_01641,1,landslide_event,2015-07-13,32.2473,78.037,Himachal Pradesh,False,7,2015,0.8,6.6,7.3,2.0,30.3,37.1,7.0,55.0,70.0,1.4,5.3,-3.6,3.8
POS_01659,1,landslide_event,2015-07-22,25.4538,93.9827,Manipur,True,7,2015,20.6,86.69999999999999,171.4,20.6,86.69999999999999,171.4,24.0,72.0,167.0,21.8,24.0,20.2,4.4
POS_01655,1,landslide_event,2015-07-22,24.7979,92.9974,Assam,True,7,2015,32.2,140.9,358.40000000000003,32.2,140.9,358.40000000000003,23.0,69.0,164.0,27.6,29.4,26.2,4.8
CTRL_01616,0,matched_control,2015-07-22,26.8352,88.1881,West Bengal,False,7,2015,38.9,52.5,73.7,38.9,52.5,73.7,19.0,48.0,94.0,26.4,28.7,24.3,7.3
CTRL_01614,0,matched_control,2015-07-22,26.9978,88.167,West Bengal,False,7,2015,13.5,23.700000000000003,38.6,13.5,23.700000000000003,38.6,17.0,46.0,89.0,16.7,18.8,14.8,4.1
POS_01657,1,landslide_event,2015-07-22,25.5007,93.9854,Manipur,True,7,2015,20.6,86.69999999999999,171.4,20.6,86.69999999999999,171.4,24.0,72.0,167.0,21.8,24.0,20.2,4.4
POS_01667,1,landslide_event,2015-07-24,24.9818,93.5142,Manipur,True,7,2015,14.2,90.6,174.89999999999998,14.2,90.6,174.89999999999998,20.0,63.0,148.0,21.0,22.3,19.7,3.8
POS_01695,1,landslide_event,2015-07-27,11.8348,75.4856,Kerala,False,7,2015,4.1,36.199999999999996,166.4,4.1,36.199999999999996,166.4,14.0,62.0,157.0,26.4,28.3,24.8,12.5
POS_01729,1,landslide_event,2015-08-01,24.954,94.2156,Manipur,True,8,2015,4.1,103.69999999999999,196.1,4.1,103.69999999999999,196.1,14.0,62.0,143.0,18.1,22.4,15.6,5.4
POS_01731,1,landslide_event,2015-08-01,24.004,93.9815,Manipur,True,8,2015,11.3,392.8,594.3,11.3,392.8,594.3,22.0,70.0,166.0,21.7,25.0,19.6,6.2
POS_01751,1,landslide_event,2015-08-08,31.8028,76.757,Himachal Pradesh,False,8,2015,38.9,181.7,229.5,38.9,181.7,229.5,21.0,67.0,130.0,22.7,23.8,22.0,5.6
POS_01749,1,landslide_event,2015-08-08,32.9961,75.1994,Jammu and Kashmir,False,8,2015,5.6,12.8,65.10000000000001,5.6,12.8,65.10000000000001,16.0,39.0,85.0,27.4,30.1,25.8,8.4
POS_01764,1,landslide_event,2015-08-13,31.7756,76.9876,Himachal Pradesh,False,8,2015,17.3,87.9,295.40000000000003,17.3,87.9,295.40000000000003,19.0,49.0,130.0,23.3,26.0,20.6,6.6
POS_01771,1,landslide_event,2015-08-18,28.1737,94.7596,Arunachal Pradesh,True,8,2015,50.1,140.0,200.60000000000002,50.1,140.0,200.60000000000002,24.0,72.0,155.0,26.7,27.7,25.9,7.5
POS_01772,1,landslide_event,2015-08-18,25.5145,90.2023,Meghalaya,True,8,2015,51.0,92.4,138.0,51.0,92.4,138.0,24.0,61.0,112.0,26.8,29.6,25.7,11.3
POS_01776,1,landslide_event,2015-08-19,26.0214,94.5224,Nagaland,True,8,2015,26.3,47.6,81.7,26.3,47.6,81.7,15.0,44.0,100.0,18.8,21.2,16.4,6.5
CTRL_01732,0,matched_control,2015-08-22,24.004,93.9815,Manipur,True,8,2015,7.7,52.9,103.00000000000001,7.7,52.9,103.00000000000001,18.0,60.0,105.0,22.9,25.4,21.0,5.6
CTRL_01730,0,matched_control,2015-08-22,24.954,94.2156,Manipur,True,8,2015,9.4,36.599999999999994,50.99999999999999,9.4,36.599999999999994,50.99999999999999,19.0,45.0,85.0,19.0,21.9,17.0,6.9
CTRL_01750,0,matched_control,2015-08-29,32.9961,75.1994,Jammu and Kashmir,False,8,2015,1.2,4.5,8.3,1.2,4.5,8.3,4.0,17.0,30.0,26.5,31.2,22.3,7.9
CTRL_01752,0,matched_control,2015-08-29,31.8028,76.757,Himachal Pradesh,False,8,2015,0.4,2.1,7.3,0.4,2.1,7.3,2.0,9.0,30.0,24.1,28.8,20.2,7.6
POS_01803,1,landslide_event,2015-09-05,25.4551,84.5322,Bihar,False,9,2015,0.0,0.0,11.2,0.0,0.0,11.2,0.0,0.0,31.0,30.7,35.4,26.7,17.4
POS_01811,1,landslide_event,2015-09-07,11.81,78.2253,Tamil Nadu,False,9,2015,2.3,27.099999999999998,49.099999999999994,2.3,27.099999999999998,49.099999999999994,9.0,28.0,47.0,20.9,25.5,18.8,14.8
POS_01817,1,landslide_event,2015-09-16,18.7828,82.7935,Odisha,False,9,2015,42.3,181.3,296.0,42.3,181.3,296.0,16.0,63.0,123.0,22.4,23.0,21.7,30.3
POS_01818,1,landslide_event,2015-09-21,19.4662,72.8276,Maharashtra,False,9,2015,5.3,21.4,69.4,5.3,21.4,69.4,23.0,65.0,119.0,27.2,28.3,26.0,26.6
CTRL_01804,0,matched_control,2015-09-26,25.4551,84.5322,Bihar,False,9,2015,0.0,0.0,35.5,0.0,0.0,35.5,0.0,0.0,59.0,28.7,34.1,25.0,9.8
CTRL_01812,0,matched_control,2015-09-28,11.81,78.2253,Tamil Nadu,False,9,2015,30.0,68.19999999999999,96.8,30.0,68.19999999999999,96.8,9.0,29.0,50.0,20.6,26.1,17.6,4.6
POS_01835,1,landslide_event,2015-11-14,12.9746,80.2119,Tamil Nadu,False,11,2015,3.8,37.6,190.0,3.8,37.6,190.0,9.0,52.0,128.0,26.8,28.7,25.2,25.3
POS_01836,1,landslide_event,2015-12-07,10.2288,77.4767,Tamil Nadu,False,12,2015,25.8,113.2,167.39999999999998,25.8,113.2,167.39999999999998,20.0,68.0,133.0,19.3,20.8,18.3,6.9
CTRL_01837,0,matched_control,2015-12-28,10.2288,77.4767,Tamil Nadu,False,12,2015,1.0,4.3999999999999995,4.6,1.0,4.3999999999999995,4.6,5.0,19.0,20.0,19.2,23.2,16.4,9.5
POS_01861,1,landslide_event,2016-05-18,24.5308,92.5121,Assam,True,5,2016,24.8,71.10000000000001,125.9,24.8,71.10000000000001,125.9,18.0,50.0,105.0,24.5,28.0,22.5,9.8
POS_01862,1,landslide_event,2016-05-18,24.4638,92.4943,Assam,True,5,2016,24.8,71.10000000000001,125.9,24.8,71.10000000000001,125.9,18.0,50.0,105.0,24.5,28.0,22.5,9.8
CTRL_01885,0,matched_control,2016-06-01,26.1961,91.7825,Assam,True,6,2016,2.8,13.6,59.9,2.8,13.6,59.9,8.0,26.0,67.0,28.6,31.8,25.5,8.2
POS_01876,1,landslide_event,2016-06-12,26.1677,94.2442,Nagaland,True,6,2016,15.0,61.8,113.4,15.0,61.8,113.4,19.0,50.0,100.0,25.7,27.5,23.3,8.3
POS_01881,1,landslide_event,2016-06-18,15.0275,74.1623,Goa,False,6,2016,14.5,26.3,76.7,14.5,26.3,76.7,20.0,56.0,146.0,26.8,30.5,24.6,14.9
POS_01882,1,landslide_event,2016-06-21,32.99,75.1892,Jammu and Kashmir,False,6,2016,9.1,20.2,43.699999999999996,9.1,20.2,43.699999999999996,15.0,33.0,70.0,26.2,31.0,23.5,8.6
POS_01883,1,landslide_event,2016-06-21,19.19,73.009,Maharashtra,False,6,2016,34.8,73.80000000000001,85.60000000000002,34.8,73.80000000000001,85.60000000000002,20.0,56.0,107.0,28.7,31.4,26.9,14.0
POS_01884,1,landslide_event,2016-06-22,26.1961,91.7825,Assam,True,6,2016,9.8,19.0,122.6,9.8,19.0,122.6,21.0,41.0,108.0,27.9,30.2,26.8,15.8
CTRL_01944,0,matched_control,2016-07-05,26.0101,94.5282,Nagaland,True,7,2016,12.1,71.1,167.7,12.1,71.1,167.7,20.0,60.0,134.0,19.7,22.3,16.7,3.9
CTRL_01960,0,matched_control,2016-07-10,19.1869,73.02,Maharashtra,False,7,2016,14.9,44.3,79.4,14.9,44.3,79.4,24.0,62.0,124.0,27.9,29.2,27.1,23.0
POS_01920,1,landslide_event,2016-07-11,26.1699,94.4922,Nagaland,True,7,2016,21.9,47.9,115.2,21.9,47.9,115.2,17.0,50.0,121.0,25.4,27.5,22.7,6.2
POS_01923,1,landslide_event,2016-07-14,26.1768,91.7702,Assam,True,7,2016,10.4,29.299999999999997,133.7,10.4,29.299999999999997,133.7,22.0,46.0,120.0,29.5,32.4,27.6,8.2
POS_01924,1,landslide_event,2016-07-14,26.1963,91.8074,Assam,True,7,2016,10.4,29.299999999999997,133.7,10.4,29.299999999999997,133.7,22.0,46.0,120.0,29.5,32.4,27.6,8.2
POS_01931,1,landslide_event,2016-07-17,29.9551,78.1677,Uttarakhand,False,7,2016,127.3,222.0,241.60000000000002,127.3,222.0,241.60000000000002,24.0,64.0,115.0,26.8,27.3,26.3,5.4
POS_01930,1,landslide_event,2016-07-17,31.5007,78.1758,Himachal Pradesh,False,7,2016,13.2,72.8,97.5,20.7,81.0,105.7,15.0,63.0,112.0,20.6,23.2,17.7,4.5
POS_01934,1,landslide_event,2016-07-19,28.235,94.9612,Arunachal Pradesh,True,7,2016,30.1,94.60000000000001,225.29999999999998,30.1,94.60000000000001,225.29999999999998,24.0,72.0,158.0,25.1,25.6,24.2,4.9
POS_01937,1,landslide_event,2016-07-20,26.1966,91.802,Assam,True,7,2016,15.9,51.800000000000004,157.70000000000002,15.9,51.800000000000004,157.70000000000002,20.0,54.0,137.0,28.1,30.6,26.6,7.6
POS_01943,1,landslide_event,2016-07-26,26.0101,94.5282,Nagaland,True,7,2016,1.5,76.4,112.3,1.5,76.4,112.3,8.0,51.0,115.0,19.0,21.8,16.3,6.9
POS_01959,1,landslide_event,2016-07-31,19.1869,73.02,Maharashtra,False,7,2016,53.8,107.3,180.6,53.8,107.3,180.6,24.0,68.0,157.0,26.1,26.8,25.7,15.4
POS_01975,1,landslide_event,2016-08-07,33.2483,75.2131,Jammu and Kashmir,False,8,2016,17.1,24.400000000000002,53.800000000000004,17.1,24.400000000000002,53.800000000000004,13.0,35.0,84.0,20.4,21.6,18.7,5.5
CTRL_01976,0,matched_control,2016-08-28,33.2483,75.2131,Jammu and Kashmir,False,8,2016,2.2,15.1,31.299999999999997,2.2,15.1,31.299999999999997,9.0,32.0,58.0,19.9,22.8,17.3,5.1
POS_01999,1,landslide_event,2016-10-15,27.172,88.5292,Sikkim,True,10,2016,1.5,49.7,158.6,1.5,49.7,158.6,9.0,42.0,128.0,13.4,17.5,10.4,4.5
POS_02003,1,landslide_event,2016-10-17,17.4655,78.4606,Telangana,False,10,2016,0.0,0.0,0.3,0.0,0.0,0.3,0.0,0.0,1.0,24.2,30.1,19.3,13.2
